ajXP_053513004.1	ajXP_053513004.1
ajXP_037013979.2	ajXP_037013979.2
ajXP_037013979.2	ajXP_037013977.2
ajXP_037013979.2	ajXP_037013979.2
ajXP_037013979.2	ajXP_037013977.2
ajXP_037013979.2	ajXP_037013979.2
ajXP_037013979.2	pdXP_028365395.1
ajXP_037013979.2	pdXP_035880492.1
ajXP_037013979.2	pdXP_035880493.1
ajXP_037013979.2	phXP_045699728.1
ajXP_037013979.2	phXP_045699728.1
ajXP_037013979.2	pdXP_028365395.1
ajXP_037013979.2	pdXP_035880492.1
ajXP_037013979.2	pdXP_035880493.1
ajXP_037013979.2	drXP_045044630.2
ajXP_037013979.2	phXP_045699728.1
ajXP_037013979.2	drXP_045044630.2
ajXP_037013979.2	drXP_045044630.2
ajXP_037013979.2	pdXP_028365395.1
ajXP_037013979.2	pdXP_035880492.1
ajXP_037013979.2	pdXP_035880493.1
ajXP_037013979.2	ajXP_037013977.2
drXP_053773720.1	drXP_053773720.1
drXP_053773720.1	drXP_024418180.2
enKAK1342790.1	enKAK1342790.1
mbXP_005874650.2	mbXP_005874650.2
mdXP_059543945.1	mdXP_059543945.1
mdXP_059543945.1	mdXP_059543945.1
mdXP_059543945.1	mmXP_036206523.1
mdXP_059543945.1	mbXP_005861305.1
mdXP_059543945.1	mmXP_036206523.1
mdXP_059543945.1	mbXP_005861305.1
mdXP_059543945.1	moXP_036099613.1
mdXP_059543945.1	pgXP_039712880.1
mdXP_059543945.1	rfXP_032943959.1
mdXP_059543945.1	pgXP_039712880.1
mdXP_059543945.1	drXP_024413955.2
mdXP_059543945.1	pdXP_028361000.1
mdXP_059543945.1	sbXP_066097405.1
mdXP_059543945.1	pdXP_028361000.1
mdXP_059543945.1	paXP_015448515.1
mdXP_059543945.1	drXP_024413955.2
mdXP_059543945.1	rfXP_032943959.1
mdXP_059543945.1	pvXP_011352819.1
mdXP_059543945.1	ajXP_037016740.2
mdXP_059543945.1	phXP_045707912.1
mdXP_059543945.1	phXP_045707912.1
mdXP_059543945.1	moXP_036099613.1
mdXP_059543945.1	paXP_015448515.1
mdXP_059543945.1	pvXP_011352819.1
mdXP_059543945.1	sbXP_066097405.1
mdXP_059543945.1	raXP_016000182.1
mdXP_059543945.1	raXP_016000182.1
mdXP_059543945.1	ajXP_037016740.2
mdXP_059543945.1	efXP_008156341.2
mdXP_059543945.1	efXP_008156341.2
mdXP_059543945.1	mlXP_023614632.1
mdXP_059543945.1	mlXP_023614632.1
mdXP_059543945.1	pkXP_036303576.1
mdXP_059543945.1	pkXP_036303576.1
mdXP_059543945.1	enKAK1343820.1
mdXP_059543945.1	enKAK1343820.1
mdXP_059543945.1	pnCAK6441598.1
mdXP_059543945.1	pnCAK6441598.1
mdXP_059557330.1	mdXP_059557330.1
mdXP_059557330.1	pnCAK6446864.1
mdXP_059557330.1	pkXP_036270781.1
mdXP_059557330.1	mbXP_014392780.1
mdXP_059557330.1	mmXP_036174072.1
mdXP_059557330.1	efXP_054577937.1
mdXP_059557330.1	mlXP_023611336.1
mdXP_059557330.1	moXP_036104903.1
mlXP_014311711.1	mlXP_014311711.1
mlXP_014311711.1	mmXP_036172394.1
mlXP_014311711.1	mlXP_014311712.1
mlXP_014311711.1	mbXP_005884752.1
mlXP_014311711.1	mbXP_014387630.1
mlXP_014311711.1	mbXP_005884752.1
mlXP_014311711.1	mdXP_059556094.1
mlXP_014311711.1	mbXP_014387630.1
mlXP_014311711.1	mdXP_059556095.1
mlXP_014311711.1	mdXP_059556094.1
mlXP_014311711.1	mbXP_005884752.1
mlXP_014311711.1	mdXP_059556095.1
mlXP_014311711.1	mbXP_014387630.1
mlXP_014311711.1	efXP_054577731.1
mlXP_014311711.1	mlXP_014311711.1
mlXP_014311711.1	mlXP_014311712.1
mlXP_014311711.1	efXP_054577731.1
mlXP_014311711.1	efXP_054577731.1
mlXP_014311711.1	mmXP_036172393.1
mlXP_014311711.1	mmXP_036172394.1
mlXP_014311711.1	mmXP_036172393.1
mlXP_014311711.1	mmXP_036172394.1
mlXP_014311711.1	mdXP_059556094.1
mlXP_014311711.1	mlXP_014311711.1
mlXP_014311711.1	mdXP_059556095.1
mlXP_014311711.1	mlXP_014311712.1
mlXP_014311711.1	mmXP_036172393.1
mmXP_036206808.1	mmXP_036206808.1
mmXP_036206808.1	pkXP_036302070.1
mmXP_036206808.1	mdXP_059542707.1
mmXP_036206808.1	moXP_036098767.1
mmXP_036206808.1	efXP_054569605.1
mmXP_036206808.1	pnCAK6442006.1
moXP_036097452.1	moXP_036097452.1
pdXP_028382457.1	pdXP_028382457.1
pdXP_028382457.1	pdXP_035867348.1
pdXP_028382457.1	pdXP_035867349.1
pdXP_028382457.1	phXP_045677179.1
pdXP_028382457.1	phXP_045677180.1
pdXP_028382457.1	phXP_045677181.1
pgXP_039726690.1	pgXP_039726690.1
pgXP_039726690.1	pvXP_011363082.1
pgXP_039726690.1	pvXP_011363082.1
pgXP_039726690.1	paXP_006926161.1
pgXP_039726690.1	pvXP_011363082.1
pgXP_039726690.1	paXP_006926161.1
pgXP_039726690.1	paXP_006926161.1
pgXP_039726690.1	raXP_016019105.1
pgXP_039726690.1	raXP_016019107.1
pgXP_039726690.1	raXP_016019105.1
pgXP_039726690.1	raXP_016019107.1
pgXP_039726690.1	pgXP_039726689.1
pgXP_039726690.1	pgXP_039726690.1
pgXP_039726690.1	raXP_016019105.1
pgXP_039726690.1	pgXP_039726689.1
pgXP_039726690.1	raXP_016019107.1
pgXP_039726690.1	pgXP_039726690.1
pgXP_039726690.1	pgXP_039726689.1
phXP_045717059.1	phXP_045717059.1
phXP_045717059.1	pdXP_035887575.1
phXP_045714377.1	phXP_045714377.1
phXP_045714377.1	phXP_045714378.1
phXP_045714377.1	phXP_045714377.1
phXP_045714377.1	phXP_045714378.1
phXP_045714377.1	pdXP_035881666.1
phXP_045714377.1	pdXP_028369979.2
phXP_045714377.1	pdXP_035881666.1
phXP_045714377.1	pdXP_028369979.2
phXP_045714377.1	drXP_053776909.1
phXP_045714377.1	drXP_053776910.1
phXP_045714377.1	drXP_053776909.1
phXP_045714377.1	drXP_053776910.1
phXP_045714377.1	drXP_053776911.1
phXP_045714377.1	raXP_036087594.1
phXP_045714377.1	ajXP_037005598.2
phXP_045714377.1	ajXP_037005599.2
phXP_045714377.1	mdXP_059546175.1
phXP_045714377.1	pgXP_039706963.1
phXP_045714377.1	raXP_036087596.1
phXP_045714377.1	ajXP_053516695.1
phXP_045714377.1	pgXP_039706964.1
phXP_045714377.1	raXP_016002719.1
phXP_045714377.1	rfXP_032971736.1
phXP_045714377.1	ajXP_053516696.1
phXP_045714377.1	pgXP_039706963.1
phXP_045714377.1	pgXP_039706965.1
phXP_045714377.1	rfXP_032971737.1
phXP_045714377.1	ajXP_053516697.1
phXP_045714377.1	pgXP_039706964.1
phXP_045714377.1	rfXP_032971738.1
phXP_045714377.1	mlXP_023614316.1
phXP_045714377.1	pgXP_039706965.1
phXP_045714377.1	rfXP_032971736.1
phXP_045714377.1	rfXP_032971737.1
phXP_045714377.1	rfXP_032971738.1
phXP_045714377.1	mlXP_023614316.1
phXP_045714377.1	paXP_024897190.1
phXP_045714377.1	ajXP_037005598.2
phXP_045714377.1	paXP_024897190.1
phXP_045714377.1	sbXP_066125753.1
phXP_045714377.1	ajXP_037005599.2
phXP_045714377.1	pvXP_023385139.1
phXP_045714377.1	sbXP_066125754.1
phXP_045714377.1	ajXP_053516695.1
phXP_045714377.1	sbXP_066125752.1
phXP_045714377.1	ajXP_053516696.1
phXP_045714377.1	mdXP_059546175.1
phXP_045714377.1	pvXP_011356281.1
phXP_045714377.1	ajXP_053516697.1
phXP_045714377.1	pvXP_011356281.1
phXP_045714377.1	rfXP_032971739.1
phXP_045714377.1	rfXP_032971740.1
phXP_045714377.1	sbXP_066125753.1
phXP_045714377.1	moXP_036113218.1
phXP_045714377.1	sbXP_066125754.1
phXP_045714377.1	moXP_036113218.1
phXP_045714377.1	sbXP_066125752.1
phXP_045714377.1	raXP_036087596.1
phXP_045714377.1	raXP_016002719.1
phXP_045714377.1	raXP_036087594.1
pkXP_045429024.1	pkXP_045429024.1
pkXP_045429024.1	pkXP_036269235.1
pkXP_045429024.1	pkXP_045429024.1
pkXP_045429024.1	pkXP_036269235.1
pkXP_045429024.1	pkXP_045429024.1
pkXP_045429024.1	pkXP_036269235.1
pnCAK6440943.1	pnCAK6440943.1
pnCAK6440943.1	efXP_028015794.2
pnCAK6440943.1	pnCAK6440943.1
pnCAK6440943.1	pkXP_036301376.1
pnCAK6440943.1	efXP_028015794.2
pnCAK6440943.1	pkXP_036301376.1
pnCAK6440943.1	mmXP_036208615.1
pnCAK6440943.1	mmXP_036208615.1
pnCAK6440943.1	mbXP_005868649.1
pnCAK6440943.1	mbXP_005868649.1
pnCAK6435931.1	pnCAK6435931.1
pvXP_023385035.1	pvXP_023385035.1
pvXP_023385035.1	pgXP_039692799.1
pvXP_023385035.1	pgXP_039692800.1
pvXP_023385035.1	pgXP_039692797.1
pvXP_023385035.1	raXP_016005877.2
pvXP_023385035.1	raXP_036087061.1
pvXP_023385035.1	paXP_024897224.1
pvXP_023385035.1	pvXP_011356115.1
pvXP_023385035.1	pvXP_011356117.1
pvXP_023385035.1	pvXP_023385034.1
raXP_015974316.2	raXP_015974316.2
raXP_015974316.2	raXP_015974313.2
raXP_015974316.2	raXP_015974314.2
raXP_015974316.2	raXP_015974315.2
raXP_015974316.2	raXP_015974316.2
raXP_015974316.2	raXP_015974313.2
raXP_015974316.2	raXP_015974314.2
raXP_015974316.2	raXP_015974315.2
sbXP_066125914.1	sbXP_066125914.1
sbXP_066125914.1	sbXP_066125915.1
sbXP_066125914.1	sbXP_066125910.1
sbXP_066125914.1	sbXP_066125911.1
sbXP_066125914.1	sbXP_066125913.1
sbXP_066104054.1	sbXP_066104054.1
sbXP_066104054.1	sbXP_066104055.1
sbXP_066104054.1	sbXP_066104054.1
sbXP_066104054.1	sbXP_066104055.1
sbXP_066104054.1	sbXP_066104054.1
sbXP_066104054.1	sbXP_066104055.1
drXP_024419969.2	drXP_024419969.2
drXP_045040812.2	drXP_045040812.2
efXP_008151482.2	efXP_008151482.2
enKAK1344247.1	enKAK1344247.1
mbXP_005879228.1	mbXP_005879228.1
mbXP_005879228.1	moXP_036136137.1
mbXP_005879228.1	efXP_028001077.2
mbXP_005879228.1	mmXP_036165986.1
mbXP_005879228.1	sbXP_066134136.1
mbXP_005879228.1	rfXP_032965701.1
mbXP_005879228.1	ajXP_036995009.2
mbXP_005879228.1	sbXP_066134137.1
mbXP_005879228.1	pdXP_028371407.1
mbXP_005879228.1	drXP_053786399.1
mbXP_005879228.1	phXP_045675444.1
mbXP_005879228.1	mmXP_036165987.1
mbXP_005879228.1	moXP_036136138.1
mbXP_005879228.1	pnCAK6444561.1
mbXP_005879228.1	efXP_008139941.2
mbXP_005879228.1	pgXP_039704956.1
mbXP_005879228.1	raXP_016001994.1
mbXP_005879228.1	mdXP_059547821.1
mbXP_005879228.1	pkXP_036264886.1
mbXP_005879228.1	mlXP_006088330.1
mbXP_005879228.1	rfXP_032965700.1
mbXP_005879228.1	pgXP_039704955.1
mbXP_005879228.1	pkXP_036264885.1
mmXP_036175506.1	mmXP_036175506.1
mmXP_036175506.1	mmXP_036175509.1
mmXP_036175506.1	mdXP_059559627.1
mmXP_036175506.1	mdXP_059559630.1
mmXP_036175506.1	mbXP_014393091.1
moXP_036112668.1	moXP_036112668.1
pdXP_035865903.1	pdXP_035865903.1
pdXP_035865903.1	phXP_045689457.1
pdXP_035865903.1	drXP_053782154.1
pdXP_035865903.1	ajXP_037009460.2
pkXP_045433218.1	pkXP_045433218.1
pvXP_023388492.1	pvXP_023388492.1
pvXP_023375667.1	pvXP_023375667.1
raXP_036094007.1	raXP_036094007.1
raXP_036094007.1	raXP_036094006.1
raXP_036094007.1	paXP_015453119.1
rfXP_032978530.1	rfXP_032978530.1
drXP_053786320.1	drXP_053786320.1
drXP_045037691.2	drXP_045037691.2
efXP_054585786.1	efXP_054585786.1
enKAK1333487.1	enKAK1333487.1
mlXP_014306207.1	mlXP_014306207.1
mlXP_014306207.1	mmXP_036188538.1
mlXP_014306207.1	mlXP_014306207.1
mlXP_014306207.1	mmXP_036188538.1
mlXP_014306207.1	mbXP_014393025.1
mlXP_014306207.1	mbXP_014393025.1
mlXP_014306207.1	mdXP_059519973.1
mlXP_014306207.1	mdXP_059519973.1
mmXP_036206159.1	mmXP_036206159.1
mmXP_036206159.1	efXP_008143866.1
mmXP_036206159.1	mdXP_059542709.1
mmXP_036206159.1	mbXP_005878984.1
mmXP_036206159.1	pkXP_036301499.1
mmXP_036206159.1	mmXP_036206158.1
mmXP_036206159.1	mlXP_023601736.1
mmXP_036206159.1	mdXP_059542708.1
mmXP_036206159.1	efXP_008143865.1
mmXP_036206159.1	pkXP_036301498.1
mmXP_036206159.1	pnCAK6442005.1
moXP_036103072.1	moXP_036103072.1
moXP_036126942.1	moXP_036126942.1
paXP_024902712.1	paXP_024902712.1
paXP_024902712.1	pvXP_023388917.1
paXP_024902712.1	rfXP_032944414.1
paXP_024902712.1	pgXP_039734009.1
paXP_024902712.1	raXP_016016355.1
pdXP_035877859.1	pdXP_035877859.1
pdXP_035877859.1	pdXP_035877860.1
pdXP_035877859.1	phXP_045696763.1
pgXP_039702145.1	pgXP_039702145.1
pgXP_039702145.1	paXP_006912996.3
phXP_045701565.1	phXP_045701565.1
phXP_045701565.1	phXP_045701574.1
phXP_045699340.1	phXP_045699340.1
phXP_045699340.1	paXP_015455909.1
phXP_045699340.1	raXP_015997170.2
phXP_045699340.1	pgXP_039709190.1
phXP_045699340.1	ajXP_053520038.1
phXP_045699340.1	pdXP_028364659.1
phXP_045699340.1	sbXP_066109823.1
phXP_045699340.1	drXP_053769944.1
phXP_045699340.1	moXP_036104963.1
phXP_045713267.1	phXP_045713267.1
phXP_045713267.1	phXP_045713267.1
phXP_045713267.1	pdXP_028373656.2
phXP_045713267.1	pdXP_028373656.2
pvXP_023382380.1	pvXP_023382380.1
pvXP_023375668.1	pvXP_023375668.1
rfXP_032968394.1	rfXP_032968394.1
rfXP_032968394.1	paXP_015452034.1
rfXP_032968394.1	pgXP_039700153.1
rfXP_032968394.1	raXP_016004417.1
rfXP_032968394.1	phXP_045706251.1
rfXP_032968394.1	sbXP_066135218.1
rfXP_032968394.1	drXP_024419757.2
rfXP_032968394.1	ajXP_037018866.2
rfXP_032968394.1	pdXP_028364519.1
rfXP_032968394.1	moXP_036110658.1
rfXP_032987662.1	rfXP_032987662.1
rfXP_032987662.1	rfXP_032987662.1
sbXP_066088923.1	sbXP_066088923.1
sbXP_066122478.1	sbXP_066122478.1
ajXP_053523694.1	ajXP_053523694.1
ajXP_053523694.1	phXP_045701979.1
ajXP_053523694.1	drXP_053775060.1
drXP_045048476.2	drXP_045048476.2
drXP_045048476.2	pdXP_028376799.2
drXP_045048476.2	phXP_045708840.1
mlXP_023614891.1	mlXP_023614891.1
mlXP_023614891.1	mmXP_036176328.1
mlXP_023614891.1	mbXP_014386531.1
mlXP_023614891.1	mmXP_036176329.1
mlXP_023614891.1	mdXP_059559339.1
mlXP_023614891.1	mdXP_059559340.1
mmXP_036179527.1	mmXP_036179527.1
moXP_036106030.1	moXP_036106030.1
pdXP_028380979.1	pdXP_028380979.1
pdXP_028380979.1	drXP_053782700.1
pdXP_028380979.1	ajXP_036998672.2
pdXP_028380979.1	phXP_045683489.1
pgXP_039735637.1	pgXP_039735637.1
pgXP_039735637.1	pgXP_039735633.1
pgXP_039735637.1	pgXP_039735633.1
pvXP_023376824.1	pvXP_023376824.1
rfXP_032990934.1	rfXP_032990934.1
rfXP_032961045.1	rfXP_032961045.1
sbXP_066094705.1	sbXP_066094705.1
sbXP_066096222.1	sbXP_066096222.1
sbXP_066135185.1	sbXP_066135185.1
drXP_024425843.2	drXP_024425843.2
drXP_024425843.2	phXP_045672472.1
drXP_024425843.2	phXP_045672471.1
drXP_024425843.2	phXP_045672473.1
drXP_024425843.2	drXP_024425845.2
drXP_024425843.2	drXP_024425844.2
drXP_024425843.2	pdXP_035870933.1
drXP_024425843.2	moXP_036128061.1
drXP_024425843.2	moXP_036128062.1
drXP_024425843.2	moXP_036128063.1
mlXP_023604039.1	mlXP_023604039.1
mmXP_036193447.1	mmXP_036193447.1
mmXP_036193447.1	mdXP_059528349.1
mmXP_036193447.1	efXP_054564711.1
moXP_036123363.1	moXP_036123363.1
moXP_036123363.1	moXP_036123363.1
paXP_006918644.1	paXP_006918644.1
paXP_006918644.1	paXP_006918644.1
pdXP_035865363.1	pdXP_035865363.1
phXP_045701575.1	phXP_045701575.1
phXP_045701575.1	phXP_045701568.1
pkXP_045437545.1	pkXP_045437545.1
pkXP_045434364.1	pkXP_045434364.1
pkXP_045434364.1	pkXP_036285239.1
pkXP_045434364.1	pkXP_036285240.1
pnCAK6436369.1	pnCAK6436369.1
pvXP_023379525.1	pvXP_023379525.1
raXP_016009945.2	raXP_016009945.2
rfXP_032982119.1	rfXP_032982119.1
sbXP_066128483.1	sbXP_066128483.1
sbXP_066090845.1	sbXP_066090845.1
pgXP_039735702.1	pgXP_039735702.1
pgXP_039735702.1	raXP_015999036.2
pgXP_039735702.1	pgXP_039735701.1
pgXP_039727934.1	pgXP_039727934.1
phXP_045677183.1	phXP_045677183.1
phXP_045677183.1	pdXP_028382458.1
pvXP_023386754.1	pvXP_023386754.1
pvXP_023386754.1	pvXP_023386754.1
raXP_036083076.1	raXP_036083076.1
raXP_036083076.1	paXP_015447141.1
sbXP_066109824.1	sbXP_066109824.1
ajXP_037022644.2	ajXP_037022644.2
drXP_045042596.2	drXP_045042596.2
drXP_045042596.2	drXP_045042595.2
efXP_008155333.1	efXP_008155333.1
efXP_008155333.1	enKAK1337093.1
efXP_008155333.1	mdXP_059561071.1
efXP_008155333.1	pnCAK6447260.1
efXP_008155333.1	pkXP_036275921.2
efXP_008155333.1	mmXP_036179440.1
efXP_008155333.1	mbXP_005885637.1
enKAK1338551.1	enKAK1338551.1
mbXP_005866335.1	mbXP_005866335.1
mbXP_005866335.1	mdXP_059558516.1
mbXP_005866335.1	mmXP_036175696.1
mbXP_005866335.1	mlXP_023617884.1
mdXP_059520796.1	mdXP_059520796.1
mdXP_059520796.1	mmXP_036189534.1
moXP_036113078.1	moXP_036113078.1
moXP_036106029.1	moXP_036106029.1
paXP_006906843.1	paXP_006906843.1
paXP_006906843.1	paXP_006906843.1
paXP_006906843.1	pgXP_039711716.1
paXP_006906843.1	pgXP_039711715.1
paXP_006906843.1	pgXP_039711716.1
paXP_006906843.1	pgXP_039711715.1
paXP_015451810.1	paXP_015451810.1
paXP_015451810.1	pgXP_039727214.1
pgXP_039711718.1	pgXP_039711718.1
pgXP_039711718.1	paXP_015440871.1
pnCAK6448293.1	pnCAK6448293.1
pnCAK6448293.1	pnCAK6448293.1
pnCAK6448293.1	pkXP_036277909.1
pnCAK6448293.1	pkXP_036277909.1
pvXP_023390003.1	pvXP_023390003.1
pvXP_023375539.1	pvXP_023375539.1
pvXP_023375539.1	raXP_016000744.1
pvXP_023375539.1	pgXP_039722215.1
pvXP_023375539.1	paXP_015442817.1
raXP_015991587.2	raXP_015991587.2
rfXP_032969176.1	rfXP_032969176.1
rfXP_032986524.1	rfXP_032986524.1
rfXP_032986524.1	rfXP_032986514.1
rfXP_032986524.1	sbXP_066115246.1
rfXP_032986524.1	moXP_036099573.1
sbXP_066088922.1	sbXP_066088922.1
sbXP_066088922.1	sbXP_066088922.1
ajXP_037023011.2	ajXP_037023011.2
enKAK1332718.1	enKAK1332718.1
mlXP_023619355.1	mlXP_023619355.1
mlXP_023619355.1	efXP_054585319.1
moXP_036121837.1	moXP_036121837.1
moXP_036120599.1	moXP_036120599.1
paXP_015447137.1	paXP_015447137.1
paXP_015447137.1	raXP_036083075.1
paXP_015447137.1	raXP_036083071.1
paXP_015447137.1	raXP_036083071.1
paXP_015447137.1	paXP_015447134.1
paXP_015447137.1	paXP_015447134.1
paXP_024896083.1	paXP_024896083.1
pdXP_035881393.1	pdXP_035881393.1
pkXP_036270795.1	pkXP_036270795.1
pkXP_036270795.1	mdXP_059557254.1
pkXP_036270795.1	pnCAK6446848.1
pkXP_036270795.1	mlXP_023610082.1
pkXP_036270795.1	mmXP_036173182.1
pkXP_036270795.1	efXP_054578210.1
pkXP_036270795.1	moXP_036104239.1
pkXP_036270795.1	mbXP_005875927.1
pnCAK6446849.1	pnCAK6446849.1
pnCAK6446849.1	mlXP_023610074.1
pnCAK6446849.1	efXP_054578326.1
pnCAK6446849.1	pkXP_036270794.1
pnCAK6446849.1	mmXP_036174167.1
pnCAK6446849.1	mbXP_014402895.1
pnCAK6446849.1	mdXP_059555618.1
pnCAK6445972.1	pnCAK6445972.1
pnCAK6445972.1	efXP_028005887.2
pnCAK6445972.1	mlXP_014310287.1
pnCAK6445972.1	mdXP_059554124.1
pnCAK6445972.1	mmXP_036169442.1
pnCAK6445972.1	mbXP_014394650.1
pnCAK6445972.1	pkXP_036280366.1
rfXP_032949571.1	rfXP_032949571.1
sbXP_066128790.1	sbXP_066128790.1
sbXP_066100244.1	sbXP_066100244.1
ajXP_053520015.1	ajXP_053520015.1
ajXP_053527176.1	ajXP_053527176.1
drXP_024421119.2	drXP_024421119.2
mbXP_014388317.1	mbXP_014388317.1
moXP_036117124.1	moXP_036117124.1
pgXP_039704627.1	pgXP_039704627.1
pgXP_039704627.1	paXP_006918973.1
pkXP_036269078.1	pkXP_036269078.1
pkXP_036269078.1	mdXP_059557151.1
pkXP_036287403.1	pkXP_036287403.1
pnCAK6433783.1	pnCAK6433783.1
raXP_015976539.1	raXP_015976539.1
rfXP_032971666.1	rfXP_032971666.1
rfXP_032967926.1	rfXP_032967926.1
rfXP_032968079.1	rfXP_032968079.1
drXP_024407405.2	drXP_024407405.2
drXP_024407405.2	drXP_024407405.2
mdXP_059560829.1	mdXP_059560829.1
moXP_036101454.1	moXP_036101454.1
paXP_024901192.1	paXP_024901192.1
paXP_024901192.1	pgXP_039717484.1
pdXP_035886528.1	pdXP_035886528.1
pdXP_035886528.1	phXP_045712890.1
pkXP_036287402.1	pkXP_036287402.1
pkXP_036287402.1	pnCAK6435663.1
pkXP_036287402.1	pnCAK6435663.1
pkXP_036287402.1	pkXP_036287402.1
pnCAK6436123.1	pnCAK6436123.1
pnCAK6436123.1	pkXP_036294829.1
pnCAK6436123.1	pkXP_036294828.1
raXP_016004629.2	raXP_016004629.2
raXP_016004629.2	pgXP_039700152.1
raXP_016004629.2	paXP_006921338.1
raXP_016004629.2	pvXP_011354613.1
rfXP_032987141.1	rfXP_032987141.1
sbXP_066092383.1	sbXP_066092383.1
ajXP_053511205.1	ajXP_053511205.1
ajXP_053511205.1	ajXP_053511208.1
moXP_036103987.1	moXP_036103987.1
moXP_036103987.1	moXP_036103987.1
moXP_036103987.1	moXP_036103987.1
moXP_036110649.1	moXP_036110649.1
pkXP_036270621.1	pkXP_036270621.1
pvXP_023383899.1	pvXP_023383899.1
pvXP_023383899.1	raXP_036091786.1
pvXP_023383899.1	raXP_015983563.2
pvXP_023383899.1	pgXP_039694664.1
pvXP_011364365.2	pvXP_011364365.2
pvXP_011364365.2	pvXP_011364365.2
pvXP_011364365.2	pvXP_011364365.2
rfXP_032982809.1	rfXP_032982809.1
rfXP_032982809.1	rfXP_032982810.1
rfXP_032982809.1	rfXP_032982809.1
sbXP_066112757.1	sbXP_066112757.1
ajXP_053520990.1	ajXP_053520990.1
drXP_045041661.1	drXP_045041661.1
drXP_045041661.1	pdXP_035870811.1
drXP_045041661.1	phXP_045679943.1
drXP_045041661.1	ajXP_037019960.1
efXP_054579301.1	efXP_054579301.1
efXP_054569597.1	efXP_054569597.1
efXP_054569597.1	pkXP_036299977.1
efXP_054569597.1	pkXP_036299974.1
efXP_054569597.1	pnCAK6442009.1
efXP_054569597.1	mmXP_036205436.1
efXP_054569597.1	mlXP_023619305.1
efXP_054569597.1	mlXP_023619305.1
efXP_054569597.1	mdXP_059542678.1
efXP_054569597.1	mmXP_036205437.1
efXP_054569597.1	mdXP_059542677.1
enKAK1344246.1	enKAK1344246.1
mdXP_059517957.1	mdXP_059517957.1
paXP_015450902.1	paXP_015450902.1
paXP_015450902.1	moXP_036128066.1
paXP_015450902.1	ajXP_037008946.2
paXP_015450902.1	phXP_045672474.1
pgXP_039732588.1	pgXP_039732588.1
pgXP_039732588.1	pvXP_011376275.1
pgXP_039732588.1	pgXP_039732588.1
pkXP_036277169.1	pkXP_036277169.1
pnCAK6448372.1	pnCAK6448372.1
raXP_036093145.1	raXP_036093145.1
rfXP_032988980.1	rfXP_032988980.1
rfXP_032959383.1	rfXP_032959383.1
drXP_053783376.1	drXP_053783376.1
enKAK1344928.1	enKAK1344928.1
pgXP_039720848.1	pgXP_039720848.1
pgXP_039735690.1	pgXP_039735690.1
pgXP_039735690.1	pgXP_039735690.1
raXP_015976549.1	raXP_015976549.1
rfXP_032950945.1	rfXP_032950945.1
sbXP_066112514.1	sbXP_066112514.1
phXP_045699139.1	phXP_045699139.1
phXP_045699139.1	pdXP_035880208.1
pkXP_045437742.1	pkXP_045437742.1
pkXP_045437742.1	pkXP_045437740.1
pkXP_045437742.1	pkXP_045437738.1
raXP_016019780.2	raXP_016019780.2
rfXP_032982342.1	rfXP_032982342.1
rfXP_032967925.1	rfXP_032967925.1
rfXP_032967925.1	rfXP_032967925.1
rfXP_032980039.1	rfXP_032980039.1
rfXP_032980039.1	rfXP_032980038.1
sbXP_066121053.1	sbXP_066121053.1
sbXP_066109298.1	sbXP_066109298.1
ajXP_036999820.2	ajXP_036999820.2
mbXP_014396509.1	mbXP_014396509.1
mbXP_014396509.1	moXP_036104047.1
mbXP_014396509.1	paXP_006907456.1
mbXP_014396509.1	pvXP_011371733.1
mbXP_014396509.1	phXP_045690916.1
mbXP_014396509.1	mdXP_059558007.1
mbXP_014396509.1	pgXP_039712149.1
mbXP_014396509.1	raXP_016002514.2
mbXP_014396509.1	mmXP_036212184.1
mbXP_014396509.1	pdXP_028366340.1
mbXP_014396509.1	efXP_054577973.1
mbXP_014396509.1	pdXP_035879804.1
mbXP_014396509.1	rfXP_032958540.1
mbXP_014396509.1	sbXP_066129804.1
mbXP_014396509.1	sbXP_066129871.1
mbXP_014396509.1	drXP_024413487.2
mbXP_014396509.1	drXP_053770151.1
mbXP_014396509.1	ajXP_053526653.1
mbXP_014396509.1	ajXP_036990362.2
mbXP_014396509.1	ajXP_053526652.1
mbXP_014396509.1	moXP_036104048.1
mbXP_014396509.1	moXP_036104048.1
mlXP_023610051.1	mlXP_023610051.1
mlXP_023610051.1	pnCAK6446829.1
mlXP_023610051.1	mdXP_059557150.1
mlXP_023610051.1	pkXP_036269075.1
mlXP_023610051.1	efXP_028012528.2
mlXP_023610051.1	mbXP_005861497.1
mlXP_023610051.1	mmXP_036174184.1
paXP_024895640.1	paXP_024895640.1
paXP_024895640.1	raXP_015989097.2
paXP_006911651.1	paXP_006911651.1
paXP_006911651.1	pgXP_039711979.1
pdXP_035878563.1	pdXP_035878563.1
pkXP_045435599.1	pkXP_045435599.1
rfXP_032958565.1	rfXP_032958565.1
efXP_054582148.1	efXP_054582148.1
moXP_036117568.1	moXP_036117568.1
moXP_036117568.1	raXP_015984270.2
moXP_036117568.1	paXP_024906958.1
moXP_036117568.1	sbXP_066111823.1
moXP_036117568.1	rfXP_032978214.1
paXP_015452437.1	paXP_015452437.1
paXP_015452437.1	pgXP_039720726.1
paXP_024900748.1	paXP_024900748.1
pdXP_028365476.2	pdXP_028365476.2
pdXP_028365476.2	pdXP_028365476.2
pdXP_028365476.2	phXP_045709671.1
pdXP_028365476.2	phXP_045709671.1
pgXP_039735734.1	pgXP_039735734.1
pkXP_036277163.1	pkXP_036277163.1
pkXP_036277163.1	pkXP_036277167.1
pnCAK6434516.1	pnCAK6434516.1
pvXP_023389915.1	pvXP_023389915.1
pvXP_023386970.1	pvXP_023386970.1
pvXP_023386970.1	paXP_006926467.1
rfXP_032952659.1	rfXP_032952659.1
rfXP_032950184.1	rfXP_032950184.1
rfXP_032950184.1	rfXP_032950183.1
rfXP_032950184.1	rfXP_032950182.1
moXP_036098202.1	moXP_036098202.1
pdXP_028365192.1	pdXP_028365192.1
pdXP_028365192.1	phXP_045709694.1
phXP_045689068.1	phXP_045689068.1
pnCAK6438302.1	pnCAK6438302.1
pnCAK6438302.1	pkXP_036307009.1
pnCAK6438302.1	mbXP_005868232.1
pnCAK6438302.1	sbXP_066120021.1
pnCAK6438302.1	moXP_036124066.1
pnCAK6438302.1	raXP_016014028.2
pnCAK6438302.1	ajXP_053513145.1
pnCAK6438302.1	pdXP_028375444.1
pnCAK6438302.1	drXP_045038435.2
pnCAK6438302.1	phXP_045692310.1
pnCAK6438302.1	pgXP_039702233.1
pnCAK6438302.1	paXP_006924855.1
pnCAK6438302.1	mdXP_059526641.1
pnCAK6438302.1	mmXP_036196892.1
pnCAK6438302.1	mlXP_006105322.1
pnCAK6438302.1	rfXP_032946680.1
pnCAK6438302.1	efXP_008151928.2
efXP_054578969.1	efXP_054578969.1
efXP_054578969.1	efXP_054578969.1
enKAK1336469.1	enKAK1336469.1
mbXP_014402894.1	mbXP_014402894.1
mbXP_014402894.1	moXP_036104240.1
mbXP_014402894.1	pdXP_035880209.1
mbXP_014402894.1	drXP_024432394.2
mbXP_014402894.1	pdXP_028365352.1
mbXP_014396985.1	mbXP_014396985.1
mbXP_014396985.1	mbXP_014396985.1
mdXP_059519974.1	mdXP_059519974.1
mlXP_014309679.1	mlXP_014309679.1
mlXP_014309679.1	mmXP_036156424.1
mlXP_014309679.1	mmXP_036156425.1
mlXP_014309679.1	mbXP_005884529.1
mlXP_014309679.1	mmXP_036156426.1
mlXP_014309679.1	mdXP_059541088.1
mlXP_014309679.1	mdXP_059541089.1
mlXP_014309679.1	mdXP_059541090.1
mmXP_036170325.1	mmXP_036170325.1
mmXP_036170325.1	mdXP_059552865.1
mmXP_036170325.1	efXP_054573426.1
moXP_036104645.1	moXP_036104645.1
moXP_036120057.1	moXP_036120057.1
pdXP_028369172.1	pdXP_028369172.1
pdXP_028369172.1	phXP_045696659.1
pdXP_028369172.1	ajXP_036995372.2
rfXP_032971591.1	rfXP_032971591.1
rfXP_032971591.1	rfXP_032971591.1
ajXP_036999939.2	ajXP_036999939.2
ajXP_036999939.2	ajXP_036999939.2
ajXP_036996684.2	ajXP_036996684.2
enKAK1341943.1	enKAK1341943.1
mbXP_005876211.1	mbXP_005876211.1
mdXP_059513870.1	mdXP_059513870.1
mdXP_059513870.1	mbXP_014384373.1
mdXP_059513870.1	efXP_008153477.2
mdXP_059513870.1	pkXP_036267922.1
mdXP_059513870.1	pnCAK6433648.1
mdXP_059513870.1	mmXP_036185674.1
mmXP_036186123.1	mmXP_036186123.1
mmXP_036186123.1	mbXP_005870713.2
mmXP_036186123.1	mlXP_023616110.1
mmXP_036186123.1	mdXP_059513460.1
mmXP_036156427.1	mmXP_036156427.1
mmXP_036156427.1	efXP_054575939.1
mmXP_036156427.1	mdXP_059541091.1
mmXP_036156427.1	mbXP_005884544.1
mmXP_036156427.1	mlXP_014309680.1
paXP_006909120.1	paXP_006909120.1
paXP_006909120.1	raXP_036075917.1
paXP_006909120.1	raXP_016005345.2
paXP_006909120.1	pgXP_039692746.1
paXP_006909120.1	pvXP_011373754.1
phXP_045708658.1	phXP_045708658.1
phXP_045708658.1	drXP_053773797.1
phXP_045708658.1	ajXP_037014101.2
phXP_045708658.1	pdXP_028359451.1
pkXP_036289145.1	pkXP_036289145.1
pnCAK6448070.1	pnCAK6448070.1
pnCAK6448070.1	pkXP_036279091.1
pnCAK6448070.1	efXP_008144737.2
pvXP_023387182.1	pvXP_023387182.1
pvXP_011354575.1	pvXP_011354575.1
rfXP_032962397.1	rfXP_032962397.1
rfXP_032986764.1	rfXP_032986764.1
sbXP_066105763.1	sbXP_066105763.1
sbXP_066091693.1	sbXP_066091693.1
ajXP_036984473.2	ajXP_036984473.2
ajXP_053516577.1	ajXP_053516577.1
ajXP_053516577.1	ajXP_053516579.1
ajXP_053516577.1	ajXP_053516580.1
ajXP_053516577.1	ajXP_037005481.2
ajXP_053516577.1	drXP_045046701.2
ajXP_053516577.1	drXP_045046700.2
ajXP_053516577.1	phXP_045715454.1
ajXP_053516577.1	phXP_045715455.1
ajXP_053516577.1	pdXP_035881568.1
ajXP_053516577.1	pdXP_035881569.1
drXP_024411423.2	drXP_024411423.2
mbXP_014385849.1	mbXP_014385849.1
mbXP_014385849.1	mbXP_014385849.1
mdXP_059568376.1	mdXP_059568376.1
mdXP_059568376.1	mdXP_059568378.1
mdXP_059568376.1	mmXP_036183978.1
mdXP_059568376.1	mmXP_036183979.1
mmXP_036204354.1	mmXP_036204354.1
mmXP_036204354.1	mdXP_059544964.1
mmXP_036204354.1	efXP_054577372.1
mmXP_036204354.1	mlXP_023614016.1
moXP_036097228.1	moXP_036097228.1
paXP_006907315.1	paXP_006907315.1
paXP_006907315.1	pgXP_039693038.1
paXP_006907315.1	pgXP_039693039.1
paXP_006907315.1	pvXP_011383332.1
phXP_045708392.1	phXP_045708392.1
phXP_045708392.1	ajXP_037014053.2
phXP_045708392.1	pdXP_028359441.1
phXP_045708392.1	drXP_024418278.1
phXP_045708392.1	drXP_045052603.1
phXP_045708392.1	ajXP_037014054.2
phXP_045708392.1	pdXP_028359444.1
phXP_045708392.1	phXP_045708393.1
pnCAK6442735.1	pnCAK6442735.1
pnCAK6442735.1	pkXP_036315177.1
pvXP_023388706.1	pvXP_023388706.1
pvXP_023388706.1	pvXP_023388706.1
pvXP_011369883.1	pvXP_011369883.1
raXP_016001172.2	raXP_016001172.2
raXP_016001172.2	raXP_016001173.2
raXP_016001172.2	pvXP_023376129.1
raXP_016001172.2	raXP_016001174.2
raXP_016001172.2	raXP_016001175.2
raXP_016001172.2	pgXP_039708867.1
raXP_016001172.2	paXP_024898589.1
raXP_016001172.2	pgXP_039708869.1
rfXP_032987384.1	rfXP_032987384.1
rfXP_032968803.1	rfXP_032968803.1
rfXP_032968803.1	rfXP_032968793.1
rfXP_032968803.1	rfXP_032968793.1
sbXP_066104778.1	sbXP_066104778.1
efXP_008142238.2	efXP_008142238.2
mbXP_014394465.1	mbXP_014394465.1
mlXP_023614978.1	mlXP_023614978.1
moXP_036123051.1	moXP_036123051.1
moXP_036109254.1	moXP_036109254.1
phXP_045691449.1	phXP_045691449.1
phXP_045691449.1	pdXP_035882263.1
phXP_045691449.1	ajXP_053511494.1
pnCAK6441302.1	pnCAK6441302.1
pnCAK6441302.1	pkXP_036302577.1
pvXP_023379523.1	pvXP_023379523.1
rfXP_032944783.1	rfXP_032944783.1
ajXP_036992580.2	ajXP_036992580.2
drXP_053785887.1	drXP_053785887.1
enKAK1336773.1	enKAK1336773.1
enKAK1336773.1	enKAK1336773.1
enKAK1336773.1	enKAK1336773.1
enKAK1336773.1	enKAK1336773.1
mbXP_005865274.1	mbXP_005865274.1
mbXP_005865274.1	efXP_054579214.1
mbXP_005865274.1	efXP_054579271.1
mbXP_005865274.1	efXP_054579271.1
mbXP_005865274.1	mbXP_005865275.1
mbXP_005865274.1	mlXP_006082308.1
mbXP_005865274.1	mlXP_006082308.1
mbXP_005865274.1	mmXP_036161587.1
mbXP_005865274.1	pnCAK6450330.1
mbXP_005865274.1	mbXP_005865275.1
mbXP_005865274.1	mmXP_036161587.1
mbXP_005865274.1	pnCAK6450330.1
mbXP_005865274.1	pkXP_036316625.1
mbXP_005865274.1	pkXP_036316625.1
mbXP_005865274.1	mmXP_036161590.1
mbXP_005865274.1	mlXP_006082309.1
mbXP_005865274.1	pkXP_036316627.1
mbXP_005865274.1	mdXP_059536094.1
mbXP_005878995.1	mbXP_005878995.1
mmXP_036175505.1	mmXP_036175505.1
mmXP_036175505.1	mmXP_036175507.1
mmXP_036175505.1	mdXP_059559626.1
mmXP_036175505.1	mdXP_059559628.1
mmXP_036175505.1	mbXP_014393090.1
moXP_036127236.1	moXP_036127236.1
paXP_015448840.1	paXP_015448840.1
paXP_015448840.1	pgXP_039722745.1
paXP_015448840.1	raXP_016008109.2
pdXP_035886263.1	pdXP_035886263.1
phXP_045717175.1	phXP_045717175.1
phXP_045717175.1	phXP_045717176.1
phXP_045717175.1	ajXP_037022602.2
phXP_045717175.1	drXP_024428114.2
phXP_045717175.1	phXP_045717178.1
phXP_045717175.1	ajXP_037022604.2
phXP_045717175.1	phXP_045717175.1
phXP_045717175.1	ajXP_037022602.2
phXP_045717175.1	pdXP_028389848.1
phXP_045717175.1	phXP_045717176.1
phXP_045717175.1	pdXP_035887274.1
phXP_045717175.1	pdXP_028389848.1
phXP_045717175.1	drXP_045037614.2
phXP_045717175.1	drXP_024428114.2
pnCAK6438969.1	pnCAK6438969.1
pvXP_011359498.1	pvXP_011359498.1
pvXP_011359498.1	paXP_006926878.1
pvXP_011359498.1	pgXP_039709001.1
pvXP_011359498.1	raXP_036075004.1
pvXP_011359498.1	raXP_036075015.1
pvXP_011359498.1	raXP_016013114.2
sbXP_066101079.1	sbXP_066101079.1
ajXP_037018853.2	ajXP_037018853.2
ajXP_037018853.2	drXP_024419904.1
ajXP_037018853.2	phXP_045702216.1
ajXP_037018853.2	pdXP_035879081.1
drXP_024421677.2	drXP_024421677.2
drXP_024421677.2	drXP_024421677.2
enKAK1343221.1	enKAK1343221.1
moXP_036120586.1	moXP_036120586.1
moXP_036120586.1	moXP_036120584.1
paXP_015447666.1	paXP_015447666.1
pdXP_035866190.1	pdXP_035866190.1
pdXP_035866190.1	pdXP_035866189.1
pgXP_039693043.1	pgXP_039693043.1
pgXP_039693043.1	paXP_006907354.1
pgXP_039693043.1	pvXP_011353063.1
pgXP_039693043.1	pvXP_011353063.1
pgXP_039693043.1	paXP_006907354.1
pgXP_039693043.1	pgXP_039693043.1
pgXP_039735686.1	pgXP_039735686.1
pkXP_036315571.1	pkXP_036315571.1
pkXP_036315571.1	pnCAK6445543.1
pvXP_023389275.1	pvXP_023389275.1
sbXP_066096436.1	sbXP_066096436.1
ajXP_036983216.2	ajXP_036983216.2
ajXP_037015413.2	ajXP_037015413.2
mbXP_014404503.1	mbXP_014404503.1
mbXP_014389463.1	mbXP_014389463.1
moXP_036123039.1	moXP_036123039.1
moXP_036120594.1	moXP_036120594.1
pdXP_035880152.1	pdXP_035880152.1
pdXP_035880152.1	pdXP_035880153.1
pdXP_035880152.1	ajXP_053524336.1
pdXP_035880152.1	phXP_045699561.1
pdXP_035880152.1	drXP_053770284.1
pnCAK6450331.1	pnCAK6450331.1
pnCAK6450331.1	pkXP_036316605.1
raXP_015995747.2	raXP_015995747.2
raXP_036095020.1	raXP_036095020.1
rfXP_032958570.1	rfXP_032958570.1
rfXP_032958570.1	rfXP_032958570.1
rfXP_032958570.1	rfXP_032958569.1
rfXP_032958570.1	rfXP_032958569.1
rfXP_032958570.1	rfXP_032958570.1
rfXP_032958570.1	rfXP_032958569.1
sbXP_066115249.1	sbXP_066115249.1
efXP_028001746.2	efXP_028001746.2
enKAK1332010.1	enKAK1332010.1
enKAK1332010.1	enKAK1332010.1
enKAK1332010.1	enKAK1332010.1
mbXP_005878994.1	mbXP_005878994.1
mdXP_059517303.1	mdXP_059517303.1
mdXP_059517303.1	efXP_054585284.1
mdXP_059517303.1	mmXP_036191961.1
mdXP_059517303.1	mlXP_014317401.1
mdXP_059517303.1	mbXP_014404900.1
mdXP_059517303.1	mbXP_014404899.1
paXP_024896379.1	paXP_024896379.1
pdXP_035883150.1	pdXP_035883150.1
pdXP_035883150.1	phXP_045710157.1
phXP_045712833.1	phXP_045712833.1
pnCAK6433472.1	pnCAK6433472.1
pnCAK6433472.1	pkXP_036272876.2
pnCAK6433472.1	mdXP_059514457.1
pnCAK6433472.1	efXP_054582845.1
pnCAK6433472.1	mmXP_036185062.1
pvXP_023379166.1	pvXP_023379166.1
pvXP_023379166.1	pgXP_039729194.1
pvXP_023379166.1	paXP_006905960.1
pvXP_023379166.1	raXP_016008923.2
raXP_015995748.2	raXP_015995748.2
raXP_015995748.2	raXP_015995749.2
raXP_015995748.2	raXP_015995748.2
raXP_015995748.2	raXP_015995749.2
raXP_036092337.1	raXP_036092337.1
raXP_036092337.1	raXP_036092332.1
sbXP_066115252.1	sbXP_066115252.1
sbXP_066115252.1	sbXP_066115250.1
sbXP_066115248.1	sbXP_066115248.1
sbXP_066090844.1	sbXP_066090844.1
sbXP_066090844.1	sbXP_066090843.1
ajXP_053511204.1	ajXP_053511204.1
ajXP_053511204.1	ajXP_053511206.1
ajXP_053511204.1	ajXP_037017284.2
drXP_053777366.1	drXP_053777366.1
drXP_053777366.1	drXP_053777376.1
efXP_008151470.2	efXP_008151470.2
efXP_008151470.2	efXP_008151470.2
mlXP_023619877.1	mlXP_023619877.1
mlXP_023619877.1	mdXP_059529699.1
mlXP_023619877.1	mbXP_014405152.1
mlXP_023619877.1	mmXP_036200025.1
ajXP_053521476.1	ajXP_053521476.1
ajXP_053521476.1	ajXP_053521476.1
ajXP_053521476.1	ajXP_053521524.1
ajXP_053521476.1	ajXP_053521524.1
efXP_054580208.1	efXP_054580208.1
enKAK1332449.1	enKAK1332449.1
enKAK1332449.1	enKAK1332449.1
mlXP_014302640.2	mlXP_014302640.2
pdXP_035882753.1	pdXP_035882753.1
pdXP_035882753.1	phXP_045697939.1
pgXP_039723541.1	pgXP_039723541.1
pkXP_045431310.1	pkXP_045431310.1
pkXP_045431310.1	pkXP_045431309.1
pkXP_045431310.1	pnCAK6448294.1
pkXP_045431310.1	efXP_054578822.1
pkXP_036315178.1	pkXP_036315178.1
pkXP_036315178.1	pnCAK6442734.1
pkXP_036315178.1	pkXP_045444738.1
pkXP_036315178.1	pkXP_045444739.1
pvXP_011370487.1	pvXP_011370487.1
pvXP_011362935.1	pvXP_011362935.1
pvXP_011362935.1	pgXP_039733960.1
pvXP_011362935.1	raXP_015989164.2
pvXP_011362935.1	pgXP_039733959.1
pvXP_011362935.1	paXP_024902704.1
raXP_036084700.1	raXP_036084700.1
raXP_036084700.1	pvXP_011372234.1
raXP_036084700.1	pgXP_039722214.1
raXP_036084700.1	pvXP_011372233.1
rfXP_032955932.1	rfXP_032955932.1
sbXP_066100764.1	sbXP_066100764.1
sbXP_066100764.1	sbXP_066100764.1
drXP_053775118.1	drXP_053775118.1
drXP_053775118.1	drXP_053775118.1
drXP_053772292.1	drXP_053772292.1
drXP_053772292.1	ajXP_036981553.2
efXP_054576701.1	efXP_054576701.1
efXP_054576701.1	pdXP_028368189.1
efXP_054576701.1	mdXP_059546018.1
efXP_054576701.1	pkXP_036302786.1
efXP_054576701.1	pkXP_036302786.1
efXP_054576701.1	phXP_045715949.1
efXP_054576701.1	raXP_015995547.2
efXP_054576701.1	phXP_045715951.1
efXP_054576701.1	raXP_015995547.2
efXP_054576701.1	phXP_045715949.1
efXP_054576701.1	pnCAK6441000.1
efXP_054576701.1	phXP_045715951.1
efXP_054576701.1	pnCAK6441000.1
efXP_054576701.1	moXP_036112834.1
efXP_054576701.1	mmXP_036208257.1
efXP_054576701.1	moXP_036112834.1
efXP_054576701.1	mmXP_036208257.1
efXP_054576701.1	paXP_006904035.1
efXP_054576701.1	paXP_006904035.1
efXP_054576701.1	sbXP_066125618.1
efXP_054576701.1	ajXP_037005382.2
efXP_054576701.1	sbXP_066125618.1
efXP_054576701.1	drXP_053777311.1
efXP_054576701.1	drXP_053777311.1
efXP_054576701.1	mlXP_023617709.1
efXP_054576701.1	mlXP_023617709.1
efXP_054576701.1	mdXP_059546018.1
efXP_054576701.1	efXP_054576701.1
efXP_054576701.1	ajXP_037005382.2
efXP_054576701.1	pdXP_028368189.1
efXP_054576701.1	pvXP_011376275.1
mlXP_014307916.1	mlXP_014307916.1
moXP_036120021.1	moXP_036120021.1
moXP_036120021.1	moXP_036120021.1
moXP_036120021.1	efXP_054564497.1
moXP_036120021.1	mbXP_014388540.1
moXP_036120021.1	pkXP_036292770.1
moXP_036120021.1	efXP_054564499.1
moXP_036120021.1	mlXP_006085309.1
moXP_036120021.1	pkXP_036292767.1
moXP_036120021.1	mmXP_036194061.1
moXP_036120021.1	pnCAK6438837.1
moXP_036120021.1	mmXP_036194062.1
moXP_036120021.1	mmXP_036194061.1
moXP_036120021.1	mmXP_036194062.1
moXP_036120021.1	mdXP_059527795.1
moXP_036120021.1	mmXP_036194064.1
moXP_036120021.1	mdXP_059527796.1
moXP_036120021.1	pkXP_036292767.1
moXP_036120021.1	mdXP_059527798.1
moXP_036120021.1	mlXP_006085309.1
moXP_036120021.1	mdXP_059527795.1
moXP_036120021.1	efXP_054564497.1
moXP_036120021.1	mdXP_059527796.1
moXP_036120021.1	mbXP_014388539.1
moXP_036120021.1	mlXP_014308166.1
moXP_036120021.1	mbXP_014388539.1
moXP_036120021.1	pnCAK6438837.1
moXP_036120021.1	sbXP_066121847.1
moXP_036120021.1	sbXP_066121849.1
moXP_036120021.1	sbXP_066121847.1
paXP_015448438.1	paXP_015448438.1
paXP_015448438.1	paXP_015448438.1
paXP_015448438.1	raXP_016011995.2
paXP_015448438.1	raXP_016012023.2
paXP_015448438.1	raXP_016012004.2
paXP_015448438.1	raXP_016011995.2
paXP_015448438.1	raXP_016012004.2
paXP_015448438.1	pgXP_039709975.1
paXP_015448438.1	pgXP_039709976.1
paXP_015448438.1	pgXP_039709977.1
paXP_015448438.1	pgXP_039709975.1
paXP_015448438.1	pgXP_039709976.1
paXP_015448438.1	pgXP_039709977.1
paXP_015448438.1	pgXP_039709979.1
pgXP_039709191.1	pgXP_039709191.1
pgXP_039709191.1	paXP_024898664.1
pnCAK6447116.1	pnCAK6447116.1
pnCAK6447116.1	pnCAK6447116.1
pvXP_023391169.1	pvXP_023391169.1
pvXP_023391169.1	pkXP_036312863.1
pvXP_023391169.1	rfXP_032974167.1
pvXP_023391169.1	raXP_015980006.2
pvXP_023391169.1	rfXP_032974168.1
pvXP_023391169.1	mbXP_005877442.1
pvXP_023391169.1	raXP_036093296.1
pvXP_023391169.1	mmXP_036156974.1
pvXP_023391169.1	pgXP_039738130.1
pvXP_023391169.1	moXP_036107270.1
pvXP_023391169.1	pgXP_039738131.1
pvXP_023391169.1	paXP_024906074.1
pvXP_023391169.1	pnCAK6443521.1
pvXP_023391169.1	efXP_008138825.1
pvXP_023391169.1	paXP_006916906.1
pvXP_023391169.1	mdXP_059538667.1
pvXP_023391169.1	mdXP_059538668.1
pvXP_023391169.1	sbXP_066114086.1
pvXP_023391169.1	pdXP_028387881.1
pvXP_023391169.1	pkXP_036312866.1
pvXP_023391169.1	pdXP_035875015.1
pvXP_023391169.1	ajXP_036991506.1
pvXP_023391169.1	drXP_024431366.1
pvXP_023391169.1	phXP_045686007.1
pvXP_023391169.1	mbXP_005877441.1
pvXP_023391169.1	mlXP_006091542.1
raXP_015999778.2	raXP_015999778.2
raXP_015999778.2	raXP_036092334.1
raXP_015999778.2	raXP_036092333.1
raXP_015999778.2	raXP_036092331.1
rfXP_032959382.1	rfXP_032959382.1
drXP_053779412.1	drXP_053779412.1
efXP_054579318.1	efXP_054579318.1
efXP_054579318.1	pkXP_045432191.1
efXP_054579318.1	mbXP_014395210.1
efXP_054579318.1	mmXP_036174915.1
enKAK1332448.1	enKAK1332448.1
enKAK1332448.1	enKAK1332448.1
moXP_036117657.1	moXP_036117657.1
ajXP_037008945.2	ajXP_037008945.2
ajXP_037008945.2	ajXP_037008943.2
ajXP_037008945.2	pdXP_028358439.1
ajXP_037008945.2	pdXP_028358438.1
ajXP_053520981.1	ajXP_053520981.1
ajXP_053520981.1	drXP_024432393.2
ajXP_053520981.1	phXP_045698827.1
drXP_024419626.2	drXP_024419626.2
efXP_054577447.1	efXP_054577447.1
efXP_054577447.1	mbXP_014405015.1
efXP_054577447.1	mbXP_014405016.1
efXP_054577447.1	mbXP_014405017.1
efXP_054577447.1	mlXP_014315997.1
efXP_054577447.1	mlXP_023614215.1
efXP_054577447.1	pnCAK6440872.1
efXP_054577447.1	mmXP_036205506.1
efXP_054577447.1	mmXP_036205507.1
efXP_054577447.1	mdXP_059546388.1
efXP_054577447.1	mdXP_059546389.1
efXP_054577447.1	pkXP_036301127.1
efXP_054577447.1	pkXP_036301126.1
enKAK1331869.1	enKAK1331869.1
mdXP_059563469.1	mdXP_059563469.1
mlXP_023614431.1	mlXP_023614431.1
mlXP_023614431.1	efXP_054579148.1
mlXP_023614431.1	mmXP_036161322.1
mlXP_023614431.1	mbXP_014394316.1
mlXP_023614431.1	mdXP_059536091.1
mmXP_036176132.1	mmXP_036176132.1
mmXP_036176132.1	mdXP_059559338.1
mmXP_036176132.1	mdXP_059559338.1
mmXP_036176132.1	mmXP_036176132.1
mmXP_036176132.1	mbXP_014386495.1
mmXP_036176132.1	mbXP_014386495.1
mmXP_036176132.1	mlXP_023615229.1
mmXP_036176132.1	mlXP_023615229.1
moXP_036122009.1	moXP_036122009.1
moXP_036122009.1	mlXP_023620617.1
moXP_036122009.1	efXP_054578962.1
pvXP_011371702.1	pvXP_011371702.1
pvXP_011362401.1	pvXP_011362401.1
rfXP_032968465.1	rfXP_032968465.1
ajXP_036981549.2	ajXP_036981549.2
ajXP_036981549.2	ajXP_036981550.2
ajXP_036981549.2	ajXP_053515791.1
drXP_045051204.2	drXP_045051204.2
drXP_045051204.2	drXP_053778267.1
enKAK1341944.1	enKAK1341944.1
mlXP_023619347.1	mlXP_023619347.1
mlXP_023617883.1	mlXP_023617883.1
moXP_036109262.1	moXP_036109262.1
paXP_024896084.1	paXP_024896084.1
pgXP_039709047.1	pgXP_039709047.1
pgXP_039709047.1	raXP_036075030.1
pvXP_011360460.1	pvXP_011360460.1
pvXP_011360460.1	raXP_016013857.2
pvXP_011360460.1	pgXP_039736086.1
rfXP_032961047.1	rfXP_032961047.1
sbXP_066108920.1	sbXP_066108920.1
ajXP_053513987.1	ajXP_053513987.1
ajXP_053513987.1	ajXP_053513986.1
drXP_024407383.2	drXP_024407383.2
efXP_028007566.2	efXP_028007566.2
enKAK1337084.1	enKAK1337084.1
moXP_036110009.1	moXP_036110009.1
moXP_036110009.1	moXP_036110009.1
paXP_006919634.1	paXP_006919634.1
paXP_006919634.1	pvXP_011366519.1
paXP_006919634.1	raXP_036091025.1
paXP_006919634.1	rfXP_032948923.1
paXP_006919634.1	pgXP_039725532.1
paXP_006919634.1	raXP_036091026.1
paXP_006919634.1	ajXP_037008944.2
paXP_006919634.1	rfXP_032948922.1
paXP_006919634.1	pkXP_036308676.1
paXP_006919634.1	pnCAK6439258.1
paXP_006919634.1	efXP_008145312.2
paXP_006919634.1	rfXP_032948924.1
paXP_006919634.1	sbXP_066102920.1
paXP_006919634.1	sbXP_066102921.1
pdXP_035873401.1	pdXP_035873401.1
pdXP_035873401.1	pdXP_028359433.1
pdXP_035873401.1	phXP_045708655.1
pdXP_035873401.1	phXP_045708656.1
pnCAK6448071.1	pnCAK6448071.1
pvXP_023381581.1	pvXP_023381581.1
rfXP_032982835.1	rfXP_032982835.1
sbXP_066109085.1	sbXP_066109085.1
sbXP_066134954.1	sbXP_066134954.1
sbXP_066134953.1	sbXP_066134953.1
ajXP_036995131.2	ajXP_036995131.2
drXP_024432934.2	drXP_024432934.2
mbXP_014400217.1	mbXP_014400217.1
mbXP_014400217.1	pnCAK6432904.1
mlXP_023604588.1	mlXP_023604588.1
moXP_036120590.1	moXP_036120590.1
moXP_036120590.1	moXP_036120585.1
paXP_024907872.1	paXP_024907872.1
paXP_024907872.1	paXP_024907871.1
pdXP_035881401.1	pdXP_035881401.1
pdXP_035881401.1	moXP_036122018.1
pdXP_035881401.1	phXP_045676387.1
pdXP_035881401.1	pkXP_036265250.1
pdXP_035881401.1	mlXP_023620618.1
pdXP_035881401.1	mlXP_006101435.1
pdXP_035881401.1	sbXP_066088863.1
pdXP_035872638.1	pdXP_035872638.1
pdXP_035872638.1	phXP_045673445.1
enKAK1336468.1	enKAK1336468.1
mlXP_023605283.1	mlXP_023605283.1
mlXP_023605283.1	mbXP_005863660.1
mlXP_023605283.1	mmXP_036188539.1
mmXP_036192846.1	mmXP_036192846.1
mmXP_036192846.1	mmXP_036192845.1
moXP_036100530.1	moXP_036100530.1
moXP_036103398.1	moXP_036103398.1
moXP_036103398.1	mdXP_059568318.1
moXP_036103398.1	mmXP_036184054.1
moXP_036103398.1	mlXP_006085025.1
moXP_036103398.1	mbXP_005876138.1
moXP_036103398.1	efXP_008147226.1
moXP_036103398.1	pkXP_036285294.1
moXP_036103398.1	pnCAK6434536.1
paXP_015450366.1	paXP_015450366.1
paXP_015450366.1	pgXP_039704626.1
paXP_015450366.1	raXP_036083520.1
paXP_015450366.1	rfXP_032962209.1
pdXP_035880254.1	pdXP_035880254.1
phXP_045683884.1	phXP_045683884.1
pvXP_023380870.1	pvXP_023380870.1
pvXP_023386810.1	pvXP_023386810.1
raXP_015999024.2	raXP_015999024.2
rfXP_032958548.1	rfXP_032958548.1
rfXP_032958548.1	moXP_036104049.1
rfXP_032958548.1	paXP_006907457.1
rfXP_032958548.1	pvXP_011371734.1
rfXP_032958548.1	paXP_006907457.1
rfXP_032958548.1	pvXP_011371734.1
rfXP_032958548.1	paXP_006907458.1
rfXP_032958548.1	raXP_016002516.2
rfXP_032958548.1	pvXP_011371735.1
rfXP_032958548.1	pgXP_039712154.1
rfXP_032958548.1	mdXP_059558009.1
rfXP_032958548.1	rfXP_032958547.1
rfXP_032958548.1	rfXP_032958547.1
rfXP_032958548.1	mmXP_036212186.1
rfXP_032958548.1	drXP_024413489.2
rfXP_032958548.1	pdXP_035879807.1
sbXP_066100865.1	sbXP_066100865.1
sbXP_066100865.1	sbXP_066100865.1
