1, M, 1, 0.9393
2, S, 1, 0.9122
3, S, 1, 0.9048
4, H, 1, 0.9016
5, L, 1, 0.8585
6, L, 1, 0.8303
7, E, 1, 0.7473
8, P, 1, 0.7402
9, P, 1, 0.7237
10, P, 1, 0.7142
11, P, 1, 0.7119
12, L, 1, 0.7136
13, H, 1, 0.7242
14, N, 1, 0.7372
15, N, 1, 0.7403
16, N, 1, 0.7340
17, N, 1, 0.7226
18, N, 1, 0.7198
19, N, 1, 0.7194
20, C, 1, 0.7230
21, E, 1, 0.7120
22, E, 1, 0.6940
23, G, 1, 0.6734
24, E, 1, 0.6531
25, Q, 1, 0.6316
26, P, 1, 0.6137
27, L, 1, 0.5875
28, P, 1, 0.5649
29, P, 1, 0.5359
30, P, -1, 0.4850
31, A, -1, 0.4483
32, G, -1, 0.3941
33, L, -1, 0.3413
34, N, -1, 0.2828
35, S, -1, 0.2353
36, S, -1, 0.1883
37, W, -1, 0.1539
38, V, -1, 0.1444
39, E, -1, 0.1583
40, L, -1, 0.1942
41, P, -1, 0.2420
42, M, -1, 0.3032
43, N, -1, 0.3684
44, S, -1, 0.4361
45, S, 1, 0.5161
46, N, 1, 0.5905
47, D, 1, 0.6563
48, N, 1, 0.7066
49, E, 1, 0.7480
50, N, 1, 0.7794
51, G, 1, 0.7997
52, N, 1, 0.8141
53, G, 1, 0.8144
54, K, 1, 0.8032
55, N, 1, 0.7879
56, G, 1, 0.7610
57, G, 1, 0.7121
58, L, 1, 0.6647
59, E, 1, 0.6197
60, H, 1, 0.5845
61, V, 1, 0.5597
62, P, 1, 0.5290
63, S, -1, 0.4879
64, S, -1, 0.4761
65, S, -1, 0.4664
66, S, -1, 0.4535
67, I, -1, 0.4487
68, H, -1, 0.4334
69, N, -1, 0.4115
70, G, -1, 0.3837
71, D, -1, 0.3564
72, M, -1, 0.3379
73, E, -1, 0.3239
74, K, -1, 0.3017
75, I, -1, 0.2921
76, L, -1, 0.3040
77, L, -1, 0.3292
78, D, -1, 0.3601
79, A, -1, 0.4149
80, Q, -1, 0.4799
81, H, 1, 0.5880
82, E, 1, 0.6829
83, S, 1, 0.7768
84, G, 1, 0.8691
85, Q, 1, 0.9106
86, S, 1, 0.9268
87, S, 1, 0.9386
88, S, 1, 0.9525
89, R, 1, 0.9564
90, G, 1, 0.9554
91, S, 1, 0.9532
92, S, 1, 0.9487
93, H, 1, 0.9422
94, C, 1, 0.9354
95, D, 1, 0.9269
96, S, 1, 0.9206
97, P, 1, 0.9170
98, S, 1, 0.9145
99, P, 1, 0.9138
100, Q, 1, 0.9142
101, E, 1, 0.9087
102, D, 1, 0.9004
103, G, 1, 0.8782
104, Q, 1, 0.8390
105, I, 1, 0.7978
106, T, 1, 0.7630
107, F, 1, 0.7315
108, D, 1, 0.7061
109, V, 1, 0.6922
110, E, 1, 0.6807
111, M, 1, 0.6746
112, H, 1, 0.6741
113, T, 1, 0.6750
114, S, 1, 0.6797
115, R, 1, 0.6869
116, D, 1, 0.6897
117, H, 1, 0.6977
118, S, 1, 0.7076
119, S, 1, 0.7131
120, Q, 1, 0.7146
121, S, 1, 0.7060
122, E, 1, 0.6898
123, E, 1, 0.6760
124, E, 1, 0.6673
125, A, 1, 0.6425
126, V, 1, 0.6265
127, E, 1, 0.5971
128, G, 1, 0.5651
129, E, 1, 0.5379
130, K, 1, 0.5133
131, E, -1, 0.4776
132, V, -1, 0.4709
133, D, -1, 0.4608
134, A, -1, 0.4514
135, L, -1, 0.4422
136, K, -1, 0.4234
137, K, -1, 0.3947
138, S, -1, 0.3805
139, V, -1, 0.3590
140, D, -1, 0.3340
141, W, -1, 0.3068
142, V, -1, 0.2837
143, S, -1, 0.2705
144, D, -1, 0.2722
145, W, -1, 0.2823
146, S, -1, 0.2988
147, S, -1, 0.3172
148, R, -1, 0.3269
149, P, -1, 0.3429
150, E, -1, 0.3623
151, N, -1, 0.3722
152, I, -1, 0.3658
153, P, -1, 0.3557
154, P, -1, 0.3412
155, K, -1, 0.3249
156, E, -1, 0.3168
157, F, -1, 0.3100
158, H, -1, 0.3058
159, F, -1, 0.3006
160, R, -1, 0.3003
161, H, -1, 0.3082
162, P, -1, 0.3186
163, K, -1, 0.3370
164, R, -1, 0.3483
165, S, -1, 0.3611
166, V, -1, 0.3759
167, S, -1, 0.3876
168, L, -1, 0.4061
169, S, -1, 0.4254
170, M, -1, 0.4421
171, R, -1, 0.4615
172, K, -1, 0.4784
173, S, -1, 0.4848
174, G, -1, 0.4875
175, A, -1, 0.4857
176, M, -1, 0.4729
177, K, -1, 0.4502
178, K, -1, 0.4300
179, G, -1, 0.4031
180, G, -1, 0.3846
181, I, -1, 0.3591
182, F, -1, 0.3285
183, S, -1, 0.2983
184, A, -1, 0.2659
185, E, -1, 0.2283
186, F, -1, 0.1911
187, L, -1, 0.1610
188, K, -1, 0.1417
189, V, -1, 0.1220
190, F, -1, 0.1049
191, I, -1, 0.0915
192, P, -1, 0.0995
193, S, -1, 0.0983
194, L, -1, 0.0989
195, F, -1, 0.0932
196, L, -1, 0.1017
197, S, -1, 0.1061
198, H, -1, 0.1047
199, V, -1, 0.1070
200, L, -1, 0.1134
201, A, -1, 0.1137
202, L, -1, 0.1053
203, G, -1, 0.0955
204, L, -1, 0.1016
205, G, -1, 0.1195
206, I, -1, 0.1553
207, Y, -1, 0.2044
208, I, -1, 0.2608
209, G, -1, 0.3266
210, K, -1, 0.3932
211, R, -1, 0.4610
212, L, 1, 0.5674
213, S, 1, 0.6529
214, S, 1, 0.7258
215, P, 1, 0.7608
216, S, 1, 0.8313
217, A, 1, 0.9012
218, S, 1, 0.9003
219, T, 1, 0.9050
220, Y, 1, 0.8888

