1, M, 1, 0.9528
2, S, 1, 0.9270
3, S, 1, 0.9139
4, H, 1, 0.9112
5, L, 1, 0.8873
6, V, 1, 0.8197
7, E, 1, 0.7880
8, Q, 1, 0.7808
9, P, 1, 0.7744
10, P, 1, 0.7710
11, P, 1, 0.7763
12, L, 1, 0.7861
13, H, 1, 0.7995
14, N, 1, 0.8029
15, N, 1, 0.8049
16, N, 1, 0.7938
17, N, 1, 0.7879
18, N, 1, 0.7759
19, C, 1, 0.7545
20, E, 1, 0.7465
21, E, 1, 0.7219
22, G, 1, 0.6970
23, E, 1, 0.6727
24, S, 1, 0.6476
25, P, 1, 0.6229
26, V, 1, 0.5905
27, P, 1, 0.5696
28, P, 1, 0.5424
29, P, -1, 0.4897
30, A, -1, 0.4517
31, G, -1, 0.3954
32, L, -1, 0.3381
33, N, -1, 0.2796
34, S, -1, 0.2304
35, S, -1, 0.1842
36, W, -1, 0.1507
37, V, -1, 0.1409
38, E, -1, 0.1559
39, L, -1, 0.1942
40, P, -1, 0.2417
41, M, -1, 0.3037
42, D, -1, 0.3707
43, S, -1, 0.4359
44, S, -1, 0.4890
45, N, 1, 0.5747
46, G, 1, 0.6306
47, N, 1, 0.6721
48, D, 1, 0.7052
49, N, 1, 0.7297
50, G, 1, 0.7459
51, N, 1, 0.7558
52, G, 1, 0.7520
53, K, 1, 0.7438
54, N, 1, 0.7319
55, G, 1, 0.7038
56, G, 1, 0.6577
57, L, 1, 0.6149
58, E, 1, 0.5755
59, H, 1, 0.5492
60, V, 1, 0.5373
61, P, 1, 0.5186
62, S, 1, 0.5105
63, S, -1, 0.4860
64, S, -1, 0.4832
65, S, -1, 0.4776
66, I, -1, 0.4777
67, H, -1, 0.4620
68, N, -1, 0.4361
69, G, -1, 0.4009
70, D, -1, 0.3654
71, M, -1, 0.3377
72, E, -1, 0.3154
73, K, -1, 0.2854
74, I, -1, 0.2738
75, L, -1, 0.2818
76, L, -1, 0.3062
77, D, -1, 0.3386
78, A, -1, 0.3946
79, Q, -1, 0.4580
80, H, 1, 0.5542
81, E, 1, 0.6408
82, S, 1, 0.7266
83, G, 1, 0.8110
84, Q, 1, 0.8900
85, S, 1, 0.9112
86, S, 1, 0.9242
87, S, 1, 0.9391
88, R, 1, 0.9455
89, G, 1, 0.9471
90, S, 1, 0.9478
91, S, 1, 0.9456
92, H, 1, 0.9404
93, C, 1, 0.9335
94, D, 1, 0.9240
95, S, 1, 0.9159
96, P, 1, 0.9101
97, S, 1, 0.9049
98, P, 1, 0.9014
99, Q, 1, 0.9071
100, E, 1, 0.8866
101, D, 1, 0.8583
102, G, 1, 0.8345
103, Q, 1, 0.8075
104, I, 1, 0.7800
105, M, 1, 0.7568
106, F, 1, 0.7385
107, D, 1, 0.7259
108, V, 1, 0.7217
109, E, 1, 0.7167
110, M, 1, 0.7148
111, H, 1, 0.7160
112, T, 1, 0.7246
113, S, 1, 0.7282
114, R, 1, 0.7336
115, D, 1, 0.7358
116, H, 1, 0.7421
117, S, 1, 0.7478
118, S, 1, 0.7560
119, Q, 1, 0.7586
120, S, 1, 0.7530
121, E, 1, 0.7417
122, E, 1, 0.7335
123, E, 1, 0.7250
124, V, 1, 0.7016
125, V, 1, 0.6799
126, E, 1, 0.6445
127, G, 1, 0.6076
128, D, 1, 0.5731
129, R, 1, 0.5414
130, E, 1, 0.5154
131, V, -1, 0.4817
132, D, -1, 0.4681
133, A, -1, 0.4569
134, L, -1, 0.4469
135, K, -1, 0.4251
136, K, -1, 0.3954
137, S, -1, 0.3770
138, V, -1, 0.3528
139, D, -1, 0.3250
140, W, -1, 0.2976
141, V, -1, 0.2756
142, S, -1, 0.2606
143, D, -1, 0.2623
144, W, -1, 0.2733
145, S, -1, 0.2933
146, S, -1, 0.3141
147, R, -1, 0.3275
148, P, -1, 0.3464
149, E, -1, 0.3689
150, N, -1, 0.3829
151, I, -1, 0.3799
152, P, -1, 0.3768
153, P, -1, 0.3675
154, K, -1, 0.3563
155, E, -1, 0.3554
156, F, -1, 0.3542
157, H, -1, 0.3541
158, F, -1, 0.3479
159, R, -1, 0.3448
160, H, -1, 0.3468
161, P, -1, 0.3508
162, K, -1, 0.3616
163, R, -1, 0.3657
164, S, -1, 0.3728
165, V, -1, 0.3808
166, S, -1, 0.3912
167, L, -1, 0.4089
168, S, -1, 0.4286
169, M, -1, 0.4464
170, R, -1, 0.4647
171, K, -1, 0.4790
172, S, -1, 0.4846
173, G, -1, 0.4896
174, A, 1, 0.5109
175, M, -1, 0.4814
176, K, -1, 0.4621
177, K, -1, 0.4436
178, G, -1, 0.4199
179, G, -1, 0.4036
180, I, -1, 0.3817
181, F, -1, 0.3540
182, S, -1, 0.3230
183, A, -1, 0.2876
184, E, -1, 0.2481
185, F, -1, 0.2086
186, L, -1, 0.1741
187, K, -1, 0.1490
188, V, -1, 0.1230
189, F, -1, 0.1003
190, I, -1, 0.0985
191, P, -1, 0.0974
192, S, -1, 0.0965
193, L, -1, 0.0977
194, F, -1, 0.1000
195, L, -1, 0.1011
196, S, -1, 0.1090
197, H, -1, 0.1097
198, V, -1, 0.1132
199, L, -1, 0.1184
200, A, -1, 0.1170
201, L, -1, 0.1073
202, G, -1, 0.0960
203, L, -1, 0.1013
204, G, -1, 0.1168
205, I, -1, 0.1489
206, Y, -1, 0.1942
207, I, -1, 0.2511
208, G, -1, 0.3122
209, K, -1, 0.3783
210, R, -1, 0.4466
211, L, 1, 0.5480
212, S, 1, 0.6360
213, T, 1, 0.7120
214, S, 1, 0.7783
215, S, 1, 0.8209
216, A, 1, 0.9037
217, S, 1, 0.9011
218, T, 1, 0.9032
219, Y, 1, 0.8856

