1, M, 1, 0.9386
2, N, 1, 0.9318
3, S, 1, 0.9378
4, S, 1, 0.9315
5, N, 1, 0.9388
6, G, 1, 0.9575
7, N, 1, 0.9544
8, D, 1, 0.9616
9, N, 1, 0.9614
10, G, 1, 0.9563
11, N, 1, 0.9464
12, G, 1, 0.9314
13, K, 1, 0.9134
14, N, 1, 0.8846
15, G, 1, 0.7963
16, G, 1, 0.7044
17, L, 1, 0.6251
18, E, 1, 0.5625
19, H, 1, 0.5316
20, V, 1, 0.5221
21, P, -1, 0.4798
22, S, -1, 0.4691
23, S, -1, 0.4649
24, S, -1, 0.4612
25, S, -1, 0.4513
26, I, -1, 0.4463
27, H, -1, 0.4294
28, N, -1, 0.4060
29, G, -1, 0.3752
30, D, -1, 0.3488
31, M, -1, 0.3316
32, E, -1, 0.3191
33, K, -1, 0.3016
34, I, -1, 0.2977
35, L, -1, 0.3125
36, L, -1, 0.3407
37, D, -1, 0.3757
38, A, -1, 0.4324
39, Q, 1, 0.5225
40, H, 1, 0.6152
41, E, 1, 0.7075
42, S, 1, 0.7975
43, G, 1, 0.8817
44, Q, 1, 0.9119
45, S, 1, 0.9265
46, S, 1, 0.9367
47, S, 1, 0.9495
48, R, 1, 0.9544
49, G, 1, 0.9551
50, S, 1, 0.9552
51, S, 1, 0.9541
52, H, 1, 0.9502
53, C, 1, 0.9447
54, D, 1, 0.9366
55, S, 1, 0.9294
56, P, 1, 0.9240
57, S, 1, 0.9191
58, P, 1, 0.9154
59, Q, 1, 0.9134
60, E, 1, 0.9070
61, D, 1, 0.9017
62, G, 1, 0.8707
63, Q, 1, 0.8365
64, I, 1, 0.8004
65, M, 1, 0.7738
66, F, 1, 0.7528
67, D, 1, 0.7360
68, V, 1, 0.7282
69, E, 1, 0.7242
70, M, 1, 0.7191
71, H, 1, 0.7175
72, T, 1, 0.7177
73, S, 1, 0.7161
74, R, 1, 0.7151
75, D, 1, 0.7115
76, H, 1, 0.7140
77, S, 1, 0.7176
78, S, 1, 0.7175
79, Q, 1, 0.7095
80, S, 1, 0.6928
81, E, 1, 0.6743
82, E, 1, 0.6573
83, E, 1, 0.6466
84, V, 1, 0.6215
85, V, 1, 0.6059
86, E, 1, 0.5796
87, G, 1, 0.5553
88, E, 1, 0.5337
89, R, 1, 0.5124
90, E, -1, 0.4777
91, V, -1, 0.4690
92, D, -1, 0.4558
93, A, -1, 0.4441
94, L, -1, 0.4315
95, K, -1, 0.4080
96, K, -1, 0.3764
97, S, -1, 0.3594
98, V, -1, 0.3366
99, D, -1, 0.3110
100, W, -1, 0.2838
101, V, -1, 0.2625
102, S, -1, 0.2501
103, D, -1, 0.2547
104, W, -1, 0.2677
105, S, -1, 0.2891
106, S, -1, 0.3114
107, R, -1, 0.3236
108, P, -1, 0.3406
109, E, -1, 0.3607
110, N, -1, 0.3717
111, I, -1, 0.3647
112, P, -1, 0.3541
113, P, -1, 0.3388
114, K, -1, 0.3206
115, E, -1, 0.3114
116, F, -1, 0.3034
117, H, -1, 0.2989
118, F, -1, 0.2909
119, R, -1, 0.2865
120, H, -1, 0.2913
121, P, -1, 0.2999
122, K, -1, 0.3200
123, R, -1, 0.3350
124, S, -1, 0.3518
125, V, -1, 0.3697
126, S, -1, 0.3838
127, L, -1, 0.4048
128, S, -1, 0.4262
129, M, -1, 0.4434
130, R, -1, 0.4592
131, K, -1, 0.4712
132, S, -1, 0.4727
133, G, -1, 0.4709
134, A, -1, 0.4662
135, M, -1, 0.4510
136, K, -1, 0.4256
137, K, -1, 0.4020
138, G, -1, 0.3720
139, G, -1, 0.3502
140, I, -1, 0.3231
141, F, -1, 0.2926
142, S, -1, 0.2635
143, A, -1, 0.2337
144, E, -1, 0.1988
145, F, -1, 0.1680
146, L, -1, 0.1443
147, K, -1, 0.1235
148, V, -1, 0.1080
149, F, -1, 0.0944
150, I, -1, 0.0994
151, P, -1, 0.0996
152, S, -1, 0.0996
153, L, -1, 0.0973
154, F, -1, 0.1077
155, L, -1, 0.1187
156, S, -1, 0.1247
157, H, -1, 0.1324
158, V, -1, 0.1450
159, L, -1, 0.1579
160, A, -1, 0.1784
161, L, -1, 0.2007
162, G, -1, 0.2276
163, L, -1, 0.2628
164, G, -1, 0.2989
165, S, -1, 0.3354
166, P, -1, 0.3664
167, L, -1, 0.3911
168, R, -1, 0.4073
169, S, -1, 0.4170
170, S, -1, 0.4212
171, A, -1, 0.4177
172, Y, -1, 0.4211
173, Q, -1, 0.4277
174, R, -1, 0.4394
175, D, -1, 0.4526
176, V, -1, 0.4716
177, H, 1, 0.5141
178, S, 1, 0.5358
179, H, 1, 0.5542
180, D, 1, 0.5659
181, H, 1, 0.5730
182, G, 1, 0.5658
183, N, 1, 0.5398
184, V, 1, 0.5127
185, H, -1, 0.4741
186, G, -1, 0.4518
187, F, -1, 0.4175
188, S, -1, 0.3877
189, T, -1, 0.3484
190, H, -1, 0.3100
191, P, -1, 0.2749
192, F, -1, 0.2558
193, V, -1, 0.2406
194, F, -1, 0.2286
195, L, -1, 0.2252
196, S, -1, 0.2264
197, A, -1, 0.2395
198, W, -1, 0.2482
199, S, -1, 0.2596
200, A, -1, 0.2692
201, F, -1, 0.2840
202, E, -1, 0.2984
203, D, -1, 0.3105
204, S, -1, 0.3238
205, D, -1, 0.3263
206, H, -1, 0.3279
207, I, -1, 0.3144
208, S, -1, 0.2929
209, T, -1, 0.2574
210, G, -1, 0.2197
211, R, -1, 0.1814
212, C, -1, 0.1414
213, L, -1, 0.1176
214, W, -1, 0.0996
215, R, -1, 0.0930
216, K, -1, 0.0880
217, G, -1, 0.0839
218, V, -1, 0.0827
219, C, -1, 0.0840
220, A, -1, 0.0891
221, C, -1, 0.0940
222, C, -1, 0.0995
223, M, -1, 0.1203
224, G, -1, 0.1643
225, L, -1, 0.2259
226, V, -1, 0.2882
227, W, -1, 0.3579
228, G, -1, 0.4414
229, Q, 1, 0.5517
230, G, 1, 0.6771
231, L, 1, 0.7303
232, M, 1, 0.8145
233, S, 1, 0.8430

