1, M, 1, 0.9339
2, N, 1, 0.9277
3, S, 1, 0.9343
4, S, 1, 0.9303
5, N, 1, 0.9380
6, G, 1, 0.9560
7, N, 1, 0.9528
8, D, 1, 0.9598
9, N, 1, 0.9591
10, G, 1, 0.9531
11, N, 1, 0.9421
12, G, 1, 0.9262
13, K, 1, 0.9075
14, N, 1, 0.8622
15, G, 1, 0.7750
16, G, 1, 0.6843
17, L, 1, 0.6077
18, E, 1, 0.5484
19, H, 1, 0.5200
20, V, 1, 0.5119
21, P, -1, 0.4713
22, S, -1, 0.4593
23, S, -1, 0.4524
24, S, -1, 0.4476
25, S, -1, 0.4378
26, I, -1, 0.4348
27, H, -1, 0.4206
28, N, -1, 0.4005
29, G, -1, 0.3740
30, D, -1, 0.3499
31, M, -1, 0.3344
32, E, -1, 0.3220
33, K, -1, 0.3024
34, I, -1, 0.2951
35, L, -1, 0.3070
36, L, -1, 0.3318
37, D, -1, 0.3632
38, A, -1, 0.4169
39, Q, -1, 0.4801
40, H, 1, 0.5853
41, E, 1, 0.6758
42, S, 1, 0.7643
43, G, 1, 0.8491
44, Q, 1, 0.9037
45, S, 1, 0.9183
46, S, 1, 0.9286
47, S, 1, 0.9415
48, R, 1, 0.9458
49, G, 1, 0.9460
50, S, 1, 0.9454
51, S, 1, 0.9430
52, H, 1, 0.9391
53, C, 1, 0.9345
54, D, 1, 0.9278
55, S, 1, 0.9225
56, P, 1, 0.9190
57, S, 1, 0.9161
58, P, 1, 0.9140
59, Q, 1, 0.9129
60, E, 1, 0.9071
61, D, 1, 0.9055
62, G, 1, 0.8750
63, Q, 1, 0.8417
64, I, 1, 0.8083
65, M, 1, 0.7826
66, F, 1, 0.7611
67, D, 1, 0.7456
68, V, 1, 0.7369
69, E, 1, 0.7322
70, M, 1, 0.7261
71, H, 1, 0.7215
72, T, 1, 0.7198
73, S, 1, 0.7157
74, R, 1, 0.7131
75, D, 1, 0.7069
76, H, 1, 0.7050
77, S, 1, 0.7028
78, S, 1, 0.6984
79, Q, 1, 0.6902
80, S, 1, 0.6742
81, E, 1, 0.6572
82, E, 1, 0.6425
83, E, 1, 0.6345
84, V, 1, 0.6108
85, V, 1, 0.5954
86, E, 1, 0.5691
87, G, 1, 0.5416
88, E, 1, 0.5166
89, K, -1, 0.4767
90, E, -1, 0.4632
91, V, -1, 0.4573
92, D, -1, 0.4479
93, A, -1, 0.4391
94, L, -1, 0.4304
95, K, -1, 0.4106
96, K, -1, 0.3790
97, S, -1, 0.3621
98, V, -1, 0.3385
99, D, -1, 0.3112
100, W, -1, 0.2821
101, V, -1, 0.2588
102, S, -1, 0.2459
103, D, -1, 0.2505
104, W, -1, 0.2638
105, S, -1, 0.2846
106, S, -1, 0.3067
107, R, -1, 0.3183
108, P, -1, 0.3344
109, E, -1, 0.3545
110, N, -1, 0.3645
111, I, -1, 0.3570
112, P, -1, 0.3458
113, P, -1, 0.3288
114, K, -1, 0.3088
115, E, -1, 0.2984
116, F, -1, 0.2889
117, H, -1, 0.2833
118, F, -1, 0.2756
119, R, -1, 0.2722
120, H, -1, 0.2785
121, P, -1, 0.2906
122, K, -1, 0.3129
123, R, -1, 0.3297
124, S, -1, 0.3479
125, V, -1, 0.3659
126, S, -1, 0.3799
127, L, -1, 0.3993
128, S, -1, 0.4192
129, M, -1, 0.4349
130, R, -1, 0.4503
131, K, -1, 0.4634
132, S, -1, 0.4666
133, G, -1, 0.4679
134, A, -1, 0.4658
135, M, -1, 0.4539
136, K, -1, 0.4329
137, K, -1, 0.4158
138, G, -1, 0.3930
139, G, -1, 0.3773
140, I, -1, 0.3546
141, F, -1, 0.3259
142, S, -1, 0.2967
143, A, -1, 0.2649
144, E, -1, 0.2271
145, F, -1, 0.1881
146, L, -1, 0.1567
147, K, -1, 0.1344
148, V, -1, 0.1119
149, F, -1, 0.0924
150, I, -1, 0.0966
151, P, -1, 0.0950
152, S, -1, 0.0933
153, L, -1, 0.0938
154, F, -1, 0.0959
155, L, -1, 0.0985
156, S, -1, 0.0910
157, H, -1, 0.0916
158, V, -1, 0.0967
159, L, -1, 0.1037
160, A, -1, 0.1059
161, L, -1, 0.0988
162, G, -1, 0.0998
163, L, -1, 0.0950
164, G, -1, 0.1118
165, I, -1, 0.1460
166, Y, -1, 0.1937
167, I, -1, 0.2503
168, G, -1, 0.3128
169, K, -1, 0.3768
170, R, -1, 0.4422
171, L, 1, 0.5410
172, S, 1, 0.6264
173, T, 1, 0.6998
174, P, 1, 0.7412
175, S, 1, 0.8089
176, A, 1, 0.8955
177, S, 1, 0.8949
178, T, 1, 0.9017
179, Y, 1, 0.8756

