1, M, 1, 0.9305
2, N, 1, 0.9291
3, S, 1, 0.9363
4, T, 1, 0.9282
5, N, 1, 0.9409
6, G, 1, 0.9578
7, N, 1, 0.9557
8, D, 1, 0.9628
9, N, 1, 0.9625
10, G, 1, 0.9564
11, N, 1, 0.9444
12, G, 1, 0.9277
13, K, 1, 0.9086
14, N, 1, 0.8650
15, G, 1, 0.7773
16, G, 1, 0.6883
17, L, 1, 0.6129
18, E, 1, 0.5568
19, H, 1, 0.5330
20, V, 1, 0.5285
21, P, -1, 0.4870
22, S, -1, 0.4751
23, S, -1, 0.4682
24, S, -1, 0.4622
25, S, -1, 0.4515
26, I, -1, 0.4473
27, H, -1, 0.4318
28, N, -1, 0.4093
29, G, -1, 0.3803
30, D, -1, 0.3551
31, M, -1, 0.3377
32, E, -1, 0.3235
33, K, -1, 0.3028
34, I, -1, 0.2941
35, L, -1, 0.3045
36, L, -1, 0.3276
37, D, -1, 0.3580
38, A, -1, 0.4117
39, Q, -1, 0.4751
40, H, 1, 0.5785
41, E, 1, 0.6688
42, S, 1, 0.7573
43, G, 1, 0.8422
44, Q, 1, 0.9024
45, S, 1, 0.9175
46, S, 1, 0.9286
47, S, 1, 0.9423
48, R, 1, 0.9474
49, G, 1, 0.9482
50, S, 1, 0.9479
51, S, 1, 0.9456
52, H, 1, 0.9416
53, C, 1, 0.9366
54, D, 1, 0.9294
55, S, 1, 0.9237
56, P, 1, 0.9199
57, S, 1, 0.9169
58, P, 1, 0.9151
59, Q, 1, 0.9141
60, E, 1, 0.9083
61, D, 1, 0.9099
62, G, 1, 0.8780
63, Q, 1, 0.8438
64, I, 1, 0.8084
65, M, 1, 0.7801
66, F, 1, 0.7564
67, D, 1, 0.7406
68, V, 1, 0.7341
69, E, 1, 0.7324
70, M, 1, 0.7308
71, H, 1, 0.7316
72, T, 1, 0.7334
73, S, 1, 0.7342
74, R, 1, 0.7347
75, D, 1, 0.7326
76, H, 1, 0.7342
77, S, 1, 0.7358
78, S, 1, 0.7360
79, Q, 1, 0.7317
80, S, 1, 0.7196
81, E, 1, 0.7047
82, E, 1, 0.6902
83, E, 1, 0.6796
84, V, 1, 0.6488
85, V, 1, 0.6265
86, E, 1, 0.5915
87, G, 1, 0.5570
88, E, 1, 0.5255
89, K, -1, 0.4791
90, E, -1, 0.4622
91, V, -1, 0.4532
92, D, -1, 0.4423
93, A, -1, 0.4331
94, L, -1, 0.4235
95, K, -1, 0.4033
96, K, -1, 0.3711
97, S, -1, 0.3541
98, V, -1, 0.3301
99, D, -1, 0.3031
100, W, -1, 0.2740
101, V, -1, 0.2507
102, S, -1, 0.2381
103, D, -1, 0.2431
104, W, -1, 0.2572
105, S, -1, 0.2793
106, S, -1, 0.3024
107, R, -1, 0.3158
108, P, -1, 0.3329
109, E, -1, 0.3532
110, N, -1, 0.3636
111, I, -1, 0.3564
112, P, -1, 0.3457
113, P, -1, 0.3290
114, K, -1, 0.3100
115, E, -1, 0.3005
116, F, -1, 0.2927
117, H, -1, 0.2890
118, F, -1, 0.2832
119, R, -1, 0.2815
120, H, -1, 0.2888
121, P, -1, 0.3014
122, K, -1, 0.3241
123, R, -1, 0.3411
124, S, -1, 0.3593
125, V, -1, 0.3765
126, S, -1, 0.3905
127, L, -1, 0.4093
128, S, -1, 0.4284
129, M, -1, 0.4435
130, R, -1, 0.4586
131, K, -1, 0.4711
132, S, -1, 0.4739
133, G, -1, 0.4748
134, A, -1, 0.4724
135, M, -1, 0.4604
136, K, -1, 0.4394
137, K, -1, 0.4220
138, G, -1, 0.3988
139, G, -1, 0.3822
140, I, -1, 0.3588
141, F, -1, 0.3295
142, S, -1, 0.2997
143, A, -1, 0.2672
144, E, -1, 0.2292
145, F, -1, 0.1904
146, L, -1, 0.1592
147, K, -1, 0.1372
148, V, -1, 0.1154
149, F, -1, 0.0968
150, I, -1, 0.0978
151, P, -1, 0.0962
152, S, -1, 0.0946
153, L, -1, 0.0948
154, F, -1, 0.0969
155, L, -1, 0.0992
156, S, -1, 0.0929
157, H, -1, 0.0925
158, V, -1, 0.0962
159, L, -1, 0.1010
160, A, -1, 0.1016
161, L, -1, 0.0926
162, G, -1, 0.0976
163, L, -1, 0.0986
164, G, -1, 0.0992
165, I, -1, 0.1297
166, Y, -1, 0.1757
167, I, -1, 0.2306
168, G, -1, 0.2903
169, K, -1, 0.3532
170, R, -1, 0.4192
171, L, 1, 0.5147
172, S, 1, 0.6053
173, T, 1, 0.6888
174, P, 1, 0.7425
175, S, 1, 0.8203
176, A, 1, 0.9024
177, S, 1, 0.9021
178, S, 1, 0.9125
179, Y, 1, 0.8897

