1, M, 1, 0.9465
2, S, 1, 0.9399
3, R, 1, 0.9384
4, G, 1, 0.9464
5, G, 1, 0.9290
6, T, 1, 0.9229
7, A, 1, 0.9160
8, Q, 1, 0.9105
9, E, 1, 0.9089
10, Q, 1, 0.8506
11, K, 1, 0.7858
12, R, 1, 0.7075
13, G, 1, 0.6184
14, R, 1, 0.5294
15, G, -1, 0.4332
16, T, -1, 0.3716
17, R, -1, 0.3190
18, L, -1, 0.2809
19, V, -1, 0.2642
20, V, -1, 0.2708
21, L, -1, 0.2812
22, L, -1, 0.3059
23, S, -1, 0.3380
24, Q, -1, 0.3767
25, N, -1, 0.4186
26, L, -1, 0.4567
27, S, 1, 0.5159
28, Q, 1, 0.5646
29, S, 1, 0.6066
30, S, 1, 0.6456
31, C, 1, 0.6798
32, G, 1, 0.7149
33, Q, 1, 0.7477
34, S, 1, 0.7811
35, S, 1, 0.8024
36, S, 1, 0.8229
37, S, 1, 0.8304
38, R, 1, 0.8152
39, P, 1, 0.7996
40, T, 1, 0.7787
41, M, 1, 0.7457
42, S, 1, 0.6976
43, S, 1, 0.6506
44, H, 1, 0.6062
45, L, 1, 0.5631
46, L, 1, 0.5315
47, E, -1, 0.4848
48, Q, -1, 0.4795
49, P, -1, 0.4852
50, P, 1, 0.5276
51, P, 1, 0.5722
52, L, 1, 0.6247
53, H, 1, 0.6764
54, N, 1, 0.7131
55, N, 1, 0.7490
56, N, 1, 0.7701
57, N, 1, 0.7847
58, N, 1, 0.7841
59, C, 1, 0.7589
60, E, 1, 0.7332
61, E, 1, 0.7054
62, G, 1, 0.6759
63, E, 1, 0.6486
64, Q, 1, 0.6206
65, P, 1, 0.5950
66, L, 1, 0.5616
67, P, 1, 0.5406
68, P, 1, 0.5131
69, P, -1, 0.4653
70, A, -1, 0.4264
71, G, -1, 0.3706
72, L, -1, 0.3151
73, N, -1, 0.2602
74, S, -1, 0.2142
75, S, -1, 0.1730
76, W, -1, 0.1450
77, V, -1, 0.1415
78, E, -1, 0.1610
79, L, -1, 0.2031
80, P, -1, 0.2556
81, M, -1, 0.3190
82, N, -1, 0.3869
83, S, -1, 0.4540
84, S, 1, 0.5372
85, N, 1, 0.6090
86, D, 1, 0.6720
87, N, 1, 0.7214
88, D, 1, 0.7619
89, N, 1, 0.7931
90, G, 1, 0.8141
91, N, 1, 0.8282
92, G, 1, 0.8287
93, K, 1, 0.8171
94, N, 1, 0.8010
95, G, 1, 0.7690
96, G, 1, 0.7179
97, L, 1, 0.6678
98, E, 1, 0.6202
99, H, 1, 0.5830
100, V, 1, 0.5580
101, P, 1, 0.5281
102, S, -1, 0.4880
103, S, -1, 0.4763
104, S, -1, 0.4673
105, S, -1, 0.4554
106, I, -1, 0.4510
107, H, -1, 0.4353
108, N, -1, 0.4132
109, G, -1, 0.3837
110, D, -1, 0.3543
111, M, -1, 0.3347
112, E, -1, 0.3202
113, K, -1, 0.2978
114, I, -1, 0.2887
115, L, -1, 0.3012
116, L, -1, 0.3274
117, D, -1, 0.3602
118, A, -1, 0.4167
119, Q, -1, 0.4829
120, H, 1, 0.5935
121, E, 1, 0.6894
122, S, 1, 0.7835
123, G, 1, 0.8755
124, Q, 1, 0.9122
125, S, 1, 0.9283
126, S, 1, 0.9402
127, S, 1, 0.9538
128, R, 1, 0.9579
129, G, 1, 0.9570
130, S, 1, 0.9548
131, S, 1, 0.9501
132, H, 1, 0.9435
133, C, 1, 0.9368
134, D, 1, 0.9286
135, S, 1, 0.9225
136, P, 1, 0.9192
137, S, 1, 0.9166
138, P, 1, 0.9152
139, Q, 1, 0.9152
140, E, 1, 0.9097
141, D, 1, 0.9016
142, G, 1, 0.8850
143, Q, 1, 0.8466
144, I, 1, 0.8074
145, T, 1, 0.7754
146, F, 1, 0.7471
147, D, 1, 0.7242
148, V, 1, 0.7129
149, E, 1, 0.7051
150, M, 1, 0.7021
151, H, 1, 0.7063
152, T, 1, 0.7113
153, S, 1, 0.7187
154, R, 1, 0.7277
155, D, 1, 0.7309
156, H, 1, 0.7394
157, S, 1, 0.7468
158, S, 1, 0.7479
159, Q, 1, 0.7455
160, S, 1, 0.7342
161, E, 1, 0.7180
162, E, 1, 0.7056
163, E, 1, 0.6975
164, A, 1, 0.6710
165, V, 1, 0.6535
166, E, 1, 0.6231
167, G, 1, 0.5900
168, E, 1, 0.5613
169, K, 1, 0.5336
170, E, 1, 0.5100
171, V, -1, 0.4812
172, D, -1, 0.4679
173, A, -1, 0.4571
174, L, -1, 0.4463
175, K, -1, 0.4248
176, K, -1, 0.3930
177, S, -1, 0.3768
178, V, -1, 0.3531
179, D, -1, 0.3269
180, W, -1, 0.2991
181, V, -1, 0.2760
182, S, -1, 0.2630
183, D, -1, 0.2662
184, W, -1, 0.2779
185, S, -1, 0.2969
186, S, -1, 0.3168
187, R, -1, 0.3277
188, P, -1, 0.3430
189, E, -1, 0.3620
190, N, -1, 0.3716
191, I, -1, 0.3651
192, P, -1, 0.3545
193, P, -1, 0.3383
194, K, -1, 0.3196
195, E, -1, 0.3101
196, F, -1, 0.3019
197, H, -1, 0.2978
198, F, -1, 0.2916
199, R, -1, 0.2900
200, H, -1, 0.2972
201, P, -1, 0.3095
202, K, -1, 0.3315
203, R, -1, 0.3477
204, S, -1, 0.3649
205, V, -1, 0.3816
206, S, -1, 0.3944
207, L, -1, 0.4127
208, S, -1, 0.4314
209, M, -1, 0.4466
210, R, -1, 0.4619
211, K, -1, 0.4747
212, S, -1, 0.4775
213, G, -1, 0.4784
214, A, -1, 0.4760
215, M, -1, 0.4645
216, K, -1, 0.4441
217, K, -1, 0.4273
218, G, -1, 0.4044
219, G, -1, 0.3889
220, I, -1, 0.3664
221, F, -1, 0.3378
222, S, -1, 0.3083
223, A, -1, 0.2762
224, E, -1, 0.2380
225, F, -1, 0.1993
226, L, -1, 0.1677
227, K, -1, 0.1453
228, V, -1, 0.1235
229, F, -1, 0.1050
230, I, -1, 0.1000
231, P, -1, 0.0987
232, S, -1, 0.0974
233, L, -1, 0.0979
234, F, -1, 0.0905
235, L, -1, 0.1011
236, S, -1, 0.1078
237, H, -1, 0.1088
238, V, -1, 0.1133
239, L, -1, 0.1209
240, A, -1, 0.1239
241, L, -1, 0.1178
242, G, -1, 0.1093
243, L, -1, 0.1161
244, G, -1, 0.1339
245, I, -1, 0.1690
246, Y, -1, 0.2176
247, I, -1, 0.2732
248, G, -1, 0.3377
249, K, -1, 0.4049
250, R, -1, 0.4715
251, L, 1, 0.5813
252, S, 1, 0.6669
253, S, 1, 0.7393
254, P, 1, 0.7770
255, S, 1, 0.8330
256, A, 1, 0.9050
257, S, 1, 0.9023
258, T, 1, 0.9077
259, Y, 1, 0.9015

