1, M, 1, 0.9277
2, N, 1, 0.9234
3, S, 1, 0.9272
4, S, 1, 0.9277
5, N, 1, 0.9340
6, D, 1, 0.9441
7, N, 1, 0.9489
8, D, 1, 0.9573
9, N, 1, 0.9578
10, G, 1, 0.9529
11, N, 1, 0.9442
12, G, 1, 0.9302
13, K, 1, 0.9122
14, N, 1, 0.8803
15, G, 1, 0.7905
16, G, 1, 0.6992
17, L, 1, 0.6195
18, E, 1, 0.5565
19, H, 1, 0.5232
20, V, 1, 0.5103
21, P, -1, 0.4662
22, S, -1, 0.4521
23, S, -1, 0.4458
24, S, -1, 0.4415
25, S, -1, 0.4336
26, I, -1, 0.4312
27, H, -1, 0.4178
28, N, -1, 0.3987
29, G, -1, 0.3725
30, D, -1, 0.3487
31, M, -1, 0.3323
32, E, -1, 0.3197
33, K, -1, 0.2993
34, I, -1, 0.2911
35, L, -1, 0.3027
36, L, -1, 0.3276
37, D, -1, 0.3591
38, A, -1, 0.4135
39, Q, -1, 0.4779
40, H, 1, 0.5848
41, E, 1, 0.6784
42, S, 1, 0.7715
43, G, 1, 0.8610
44, Q, 1, 0.9080
45, S, 1, 0.9238
46, S, 1, 0.9353
47, S, 1, 0.9485
48, R, 1, 0.9525
49, G, 1, 0.9517
50, S, 1, 0.9500
51, S, 1, 0.9460
52, H, 1, 0.9404
53, C, 1, 0.9343
54, D, 1, 0.9269
55, S, 1, 0.9212
56, P, 1, 0.9179
57, S, 1, 0.9153
58, P, 1, 0.9139
59, Q, 1, 0.9137
60, E, 1, 0.9074
61, D, 1, 0.9052
62, G, 1, 0.8728
63, Q, 1, 0.8362
64, I, 1, 0.8005
65, T, 1, 0.7724
66, F, 1, 0.7509
67, D, 1, 0.7336
68, V, 1, 0.7257
69, E, 1, 0.7211
70, M, 1, 0.7174
71, H, 1, 0.7191
72, T, 1, 0.7189
73, S, 1, 0.7221
74, R, 1, 0.7263
75, D, 1, 0.7287
76, H, 1, 0.7353
77, S, 1, 0.7422
78, S, 1, 0.7449
79, Q, 1, 0.7414
80, S, 1, 0.7302
81, E, 1, 0.7131
82, E, 1, 0.6976
83, E, 1, 0.6887
84, A, 1, 0.6622
85, V, 1, 0.6451
86, E, 1, 0.6155
87, G, 1, 0.5857
88, E, 1, 0.5566
89, K, 1, 0.5290
90, E, -1, 0.4858
91, V, -1, 0.4738
92, D, -1, 0.4577
93, A, -1, 0.4416
94, L, -1, 0.4265
95, K, -1, 0.4014
96, K, -1, 0.3677
97, S, -1, 0.3500
98, V, -1, 0.3262
99, D, -1, 0.3004
100, W, -1, 0.2732
101, V, -1, 0.2515
102, S, -1, 0.2400
103, D, -1, 0.2449
104, W, -1, 0.2588
105, S, -1, 0.2806
106, S, -1, 0.3034
107, R, -1, 0.3164
108, P, -1, 0.3344
109, E, -1, 0.3552
110, N, -1, 0.3660
111, I, -1, 0.3592
112, P, -1, 0.3488
113, P, -1, 0.3330
114, K, -1, 0.3144
115, E, -1, 0.3047
116, F, -1, 0.2963
117, H, -1, 0.2918
118, F, -1, 0.2846
119, R, -1, 0.2818
120, H, -1, 0.2883
121, P, -1, 0.2997
122, K, -1, 0.3209
123, R, -1, 0.3362
124, S, -1, 0.3528
125, V, -1, 0.3698
126, S, -1, 0.3823
127, L, -1, 0.4010
128, S, -1, 0.4204
129, M, -1, 0.4362
130, R, -1, 0.4520
131, K, -1, 0.4660
132, S, -1, 0.4703
133, G, -1, 0.4726
134, A, -1, 0.4716
135, M, -1, 0.4607
136, K, -1, 0.4403
137, K, -1, 0.4236
138, G, -1, 0.4005
139, G, -1, 0.3855
140, I, -1, 0.3630
141, F, -1, 0.3341
142, S, -1, 0.3041
143, A, -1, 0.2715
144, E, -1, 0.2328
145, F, -1, 0.1928
146, L, -1, 0.1607
147, K, -1, 0.1378
148, V, -1, 0.1147
149, F, -1, 0.0952
150, I, -1, 0.0972
151, P, -1, 0.0956
152, S, -1, 0.0940
153, L, -1, 0.0945
154, F, -1, 0.0969
155, L, -1, 0.0994
156, S, -1, 0.0951
157, H, -1, 0.0968
158, V, -1, 0.1030
159, L, -1, 0.1111
160, A, -1, 0.1126
161, L, -1, 0.1042
162, G, -1, 0.0912
163, L, -1, 0.0936
164, G, -1, 0.1065
165, I, -1, 0.1358
166, Y, -1, 0.1800
167, I, -1, 0.2296
168, G, -1, 0.2890
169, K, -1, 0.3517
170, R, -1, 0.4166
171, L, 1, 0.5121
172, S, 1, 0.6015
173, S, 1, 0.6797
174, P, 1, 0.7278
175, S, 1, 0.8026
176, A, 1, 0.9050
177, S, 1, 0.8906
178, T, 1, 0.9019
179, Y, 1, 0.8838

