1, M, 1, 0.9324
2, N, 1, 0.9265
3, S, 1, 0.9327
4, S, 1, 0.9264
5, N, 1, 0.9335
6, G, 1, 0.9504
7, N, 1, 0.9485
8, D, 1, 0.9557
9, N, 1, 0.9553
10, G, 1, 0.9497
11, N, 1, 0.9390
12, G, 1, 0.9233
13, K, 1, 0.9050
14, N, 1, 0.8516
15, G, 1, 0.7641
16, G, 1, 0.6739
17, L, 1, 0.5983
18, E, 1, 0.5404
19, H, 1, 0.5139
20, V, -1, 0.4880
21, P, -1, 0.4680
22, S, -1, 0.4569
23, S, -1, 0.4511
24, S, -1, 0.4472
25, S, -1, 0.4382
26, I, -1, 0.4348
27, H, -1, 0.4207
28, N, -1, 0.4006
29, G, -1, 0.3743
30, D, -1, 0.3504
31, M, -1, 0.3348
32, E, -1, 0.3219
33, K, -1, 0.3018
34, I, -1, 0.2947
35, L, -1, 0.3063
36, L, -1, 0.3305
37, D, -1, 0.3613
38, A, -1, 0.4149
39, Q, -1, 0.4787
40, H, 1, 0.5834
41, E, 1, 0.6743
42, S, 1, 0.7623
43, G, 1, 0.8462
44, Q, 1, 0.9032
45, S, 1, 0.9181
46, S, 1, 0.9286
47, S, 1, 0.9418
48, R, 1, 0.9463
49, G, 1, 0.9467
50, S, 1, 0.9462
51, S, 1, 0.9440
52, H, 1, 0.9399
53, C, 1, 0.9352
54, D, 1, 0.9282
55, S, 1, 0.9230
56, P, 1, 0.9200
57, S, 1, 0.9176
58, P, 1, 0.9160
59, Q, 1, 0.9153
60, E, 1, 0.9099
61, D, 1, 0.9017
62, G, 1, 0.8862
63, Q, 1, 0.8516
64, I, 1, 0.8154
65, M, 1, 0.7873
66, F, 1, 0.7644
67, D, 1, 0.7475
68, V, 1, 0.7372
69, E, 1, 0.7318
70, M, 1, 0.7255
71, H, 1, 0.7229
72, T, 1, 0.7234
73, S, 1, 0.7211
74, R, 1, 0.7190
75, D, 1, 0.7139
76, H, 1, 0.7143
77, S, 1, 0.7156
78, S, 1, 0.7140
79, Q, 1, 0.7058
80, S, 1, 0.6885
81, E, 1, 0.6713
82, E, 1, 0.6560
83, E, 1, 0.6463
84, V, 1, 0.6233
85, V, 1, 0.6091
86, E, 1, 0.5841
87, G, 1, 0.5595
88, E, 1, 0.5376
89, R, 1, 0.5159
90, E, -1, 0.4805
91, V, -1, 0.4720
92, D, -1, 0.4582
93, A, -1, 0.4458
94, L, -1, 0.4333
95, K, -1, 0.4094
96, K, -1, 0.3773
97, S, -1, 0.3600
98, V, -1, 0.3370
99, D, -1, 0.3100
100, W, -1, 0.2824
101, V, -1, 0.2600
102, S, -1, 0.2471
103, D, -1, 0.2512
104, W, -1, 0.2635
105, S, -1, 0.2837
106, S, -1, 0.3058
107, R, -1, 0.3185
108, P, -1, 0.3359
109, E, -1, 0.3572
110, N, -1, 0.3683
111, I, -1, 0.3611
112, P, -1, 0.3504
113, P, -1, 0.3322
114, K, -1, 0.3116
115, E, -1, 0.3009
116, F, -1, 0.2919
117, H, -1, 0.2868
118, F, -1, 0.2799
119, R, -1, 0.2783
120, H, -1, 0.2869
121, P, -1, 0.3002
122, K, -1, 0.3227
123, R, -1, 0.3397
124, S, -1, 0.3573
125, V, -1, 0.3722
126, S, -1, 0.3843
127, L, -1, 0.4008
128, S, -1, 0.4169
129, M, -1, 0.4297
130, R, -1, 0.4407
131, K, -1, 0.4516
132, S, -1, 0.4588
133, G, -1, 0.4643
134, A, -1, 0.4669
135, M, -1, 0.4616
136, R, -1, 0.4435
137, K, -1, 0.4263
138, G, -1, 0.4032
139, G, -1, 0.3841
140, L, -1, 0.3599
141, F, -1, 0.3287
142, S, -1, 0.2949
143, A, -1, 0.2633
144, E, -1, 0.2278
145, F, -1, 0.1919
146, L, -1, 0.1652
147, K, -1, 0.1477
148, V, -1, 0.1271
149, F, -1, 0.1101
150, I, -1, 0.0967
151, P, -1, 0.0920
152, S, -1, 0.0991
153, L, -1, 0.0987
154, F, -1, 0.0992
155, L, -1, 0.0920
156, S, -1, 0.0912
157, H, -1, 0.0994
158, V, -1, 0.0923
159, L, -1, 0.0990
160, A, -1, 0.1034
161, L, -1, 0.0993
162, G, -1, 0.0937
163, L, -1, 0.1043
164, G, -1, 0.1223
165, I, -1, 0.1563
166, Y, -1, 0.2016
167, I, -1, 0.2537
168, G, -1, 0.3089
169, K, -1, 0.3681
170, R, -1, 0.4314
171, L, 1, 0.5219
172, S, 1, 0.6035
173, T, 1, 0.6716
174, S, 1, 0.7303
175, S, 1, 0.7895
176, A, 1, 0.8595
177, S, 1, 0.8707
178, T, 1, 0.8936
179, Y, 1, 0.8749

