1, M, 1, 0.9379
2, N, 1, 0.9252
3, N, 1, 0.9342
4, T, 1, 0.9313
5, N, 1, 0.9448
6, G, 1, 0.9579
7, N, 1, 0.9564
8, D, 1, 0.9637
9, N, 1, 0.9626
10, G, 1, 0.9556
11, N, 1, 0.9429
12, G, 1, 0.9251
13, K, 1, 0.9048
14, N, 1, 0.8464
15, G, 1, 0.7588
16, G, 1, 0.6704
17, L, 1, 0.5957
18, E, 1, 0.5386
19, H, 1, 0.5158
20, V, 1, 0.5145
21, P, -1, 0.4788
22, S, -1, 0.4707
23, S, -1, 0.4654
24, S, -1, 0.4595
25, S, -1, 0.4498
26, I, -1, 0.4463
27, H, -1, 0.4313
28, N, -1, 0.4078
29, G, -1, 0.3779
30, D, -1, 0.3515
31, M, -1, 0.3337
32, E, -1, 0.3192
33, K, -1, 0.2982
34, I, -1, 0.2908
35, L, -1, 0.3020
36, L, -1, 0.3258
37, D, -1, 0.3569
38, A, -1, 0.4113
39, Q, -1, 0.4753
40, H, 1, 0.5793
41, E, 1, 0.6701
42, S, 1, 0.7587
43, G, 1, 0.8427
44, Q, 1, 0.9023
45, S, 1, 0.9171
46, S, 1, 0.9277
47, S, 1, 0.9410
48, R, 1, 0.9457
49, G, 1, 0.9466
50, S, 1, 0.9465
51, S, 1, 0.9446
52, H, 1, 0.9410
53, C, 1, 0.9366
54, D, 1, 0.9299
55, S, 1, 0.9245
56, P, 1, 0.9212
57, S, 1, 0.9185
58, P, 1, 0.9168
59, Q, 1, 0.9158
60, E, 1, 0.9103
61, D, 1, 0.9023
62, G, 1, 0.8881
63, Q, 1, 0.8538
64, I, 1, 0.8194
65, M, 1, 0.7916
66, F, 1, 0.7676
67, D, 1, 0.7502
68, V, 1, 0.7408
69, E, 1, 0.7356
70, M, 1, 0.7307
71, H, 1, 0.7284
72, T, 1, 0.7277
73, S, 1, 0.7250
74, R, 1, 0.7235
75, D, 1, 0.7183
76, H, 1, 0.7176
77, S, 1, 0.7151
78, S, 1, 0.7110
79, Q, 1, 0.7025
80, S, 1, 0.6866
81, E, 1, 0.6692
82, E, 1, 0.6532
83, E, 1, 0.6433
84, V, 1, 0.6156
85, V, 1, 0.5983
86, E, 1, 0.5705
87, G, 1, 0.5419
88, E, 1, 0.5167
89, K, -1, 0.4770
90, E, -1, 0.4646
91, V, -1, 0.4592
92, D, -1, 0.4503
93, A, -1, 0.4417
94, L, -1, 0.4315
95, K, -1, 0.4109
96, K, -1, 0.3784
97, S, -1, 0.3612
98, V, -1, 0.3367
99, D, -1, 0.3091
100, W, -1, 0.2798
101, V, -1, 0.2566
102, S, -1, 0.2434
103, D, -1, 0.2474
104, W, -1, 0.2602
105, S, -1, 0.2809
106, S, -1, 0.3028
107, R, -1, 0.3155
108, P, -1, 0.3321
109, E, -1, 0.3522
110, N, -1, 0.3625
111, I, -1, 0.3557
112, P, -1, 0.3452
113, P, -1, 0.3290
114, K, -1, 0.3101
115, E, -1, 0.3004
116, F, -1, 0.2920
117, H, -1, 0.2874
118, F, -1, 0.2805
119, R, -1, 0.2778
120, H, -1, 0.2840
121, P, -1, 0.2957
122, K, -1, 0.3175
123, R, -1, 0.3338
124, S, -1, 0.3516
125, V, -1, 0.3689
126, S, -1, 0.3831
127, L, -1, 0.4024
128, S, -1, 0.4219
129, M, -1, 0.4373
130, R, -1, 0.4525
131, K, -1, 0.4651
132, S, -1, 0.4684
133, G, -1, 0.4694
134, A, -1, 0.4670
135, M, -1, 0.4551
136, K, -1, 0.4342
137, K, -1, 0.4171
138, G, -1, 0.3945
139, G, -1, 0.3788
140, I, -1, 0.3559
141, F, -1, 0.3265
142, S, -1, 0.2967
143, A, -1, 0.2645
144, E, -1, 0.2267
145, F, -1, 0.1879
146, L, -1, 0.1564
147, K, -1, 0.1341
148, V, -1, 0.1124
149, F, -1, 0.0943
150, I, -1, 0.0974
151, P, -1, 0.0960
152, S, -1, 0.0946
153, L, -1, 0.0950
154, F, -1, 0.0971
155, L, -1, 0.0996
156, S, -1, 0.0944
157, H, -1, 0.0940
158, V, -1, 0.0973
159, L, -1, 0.1028
160, A, -1, 0.1039
161, L, -1, 0.0965
162, G, -1, 0.0991
163, L, -1, 0.0927
164, G, -1, 0.1101
165, I, -1, 0.1452
166, Y, -1, 0.1944
167, I, -1, 0.2522
168, G, -1, 0.3150
169, K, -1, 0.3794
170, R, -1, 0.4445
171, L, 1, 0.5438
172, S, 1, 0.6286
173, T, 1, 0.7015
174, P, 1, 0.7437
175, S, 1, 0.8096
176, A, 1, 0.8994
177, S, 1, 0.8965
178, T, 1, 0.9014
179, Y, 1, 0.8759

