1, M, 1, 0.9387
2, N, 1, 0.9276
3, S, 1, 0.9304
4, S, 1, 0.9257
5, N, 1, 0.9288
6, G, 1, 0.9468
7, N, 1, 0.9425
8, D, 1, 0.9497
9, H, 1, 0.9500
10, G, 1, 0.9456
11, N, 1, 0.9373
12, G, 1, 0.9235
13, K, 1, 0.9070
14, N, 1, 0.8664
15, G, 1, 0.7806
16, G, 1, 0.6957
17, L, 1, 0.6216
18, E, 1, 0.5633
19, H, 1, 0.5344
20, V, 1, 0.5231
21, P, -1, 0.4804
22, S, -1, 0.4677
23, S, -1, 0.4615
24, S, -1, 0.4542
25, S, -1, 0.4419
26, I, -1, 0.4360
27, H, -1, 0.4195
28, N, -1, 0.3972
29, G, -1, 0.3683
30, D, -1, 0.3415
31, M, -1, 0.3235
32, E, -1, 0.3106
33, K, -1, 0.2941
34, I, -1, 0.2900
35, L, -1, 0.3062
36, L, -1, 0.3348
37, D, -1, 0.3705
38, A, -1, 0.4276
39, Q, 1, 0.5160
40, H, 1, 0.6084
41, E, 1, 0.7004
42, S, 1, 0.7895
43, G, 1, 0.8731
44, Q, 1, 0.9095
45, S, 1, 0.9237
46, S, 1, 0.9335
47, S, 1, 0.9458
48, R, 1, 0.9500
49, G, 1, 0.9499
50, S, 1, 0.9491
51, S, 1, 0.9474
52, H, 1, 0.9434
53, C, 1, 0.9382
54, D, 1, 0.9308
55, S, 1, 0.9246
56, P, 1, 0.9202
57, S, 1, 0.9160
58, P, 1, 0.9129
59, Q, 1, 0.9113
60, E, 1, 0.9054
61, D, 1, 0.8958
62, G, 1, 0.8629
63, Q, 1, 0.8265
64, I, 1, 0.7874
65, M, 1, 0.7564
66, F, 1, 0.7303
67, D, 1, 0.7102
68, V, 1, 0.7002
69, E, 1, 0.6943
70, M, 1, 0.6900
71, H, 1, 0.6906
72, T, 1, 0.6956
73, S, 1, 0.6984
74, R, 1, 0.7030
75, D, 1, 0.7046
76, H, 1, 0.7108
77, S, 1, 0.7181
78, S, 1, 0.7187
79, Q, 1, 0.7172
80, S, 1, 0.7055
81, E, 1, 0.6909
82, E, 1, 0.6776
83, E, 1, 0.6685
84, A, 1, 0.6435
85, V, 1, 0.6260
86, E, 1, 0.5961
87, G, 1, 0.5671
88, E, 1, 0.5407
89, K, 1, 0.5147
90, E, -1, 0.4756
91, V, -1, 0.4667
92, D, -1, 0.4527
93, A, -1, 0.4407
94, L, -1, 0.4284
95, K, -1, 0.4055
96, K, -1, 0.3738
97, S, -1, 0.3576
98, V, -1, 0.3352
99, D, -1, 0.3106
100, W, -1, 0.2840
101, V, -1, 0.2626
102, S, -1, 0.2500
103, D, -1, 0.2534
104, W, -1, 0.2651
105, S, -1, 0.2840
106, S, -1, 0.3043
107, R, -1, 0.3151
108, P, -1, 0.3307
109, E, -1, 0.3498
110, N, -1, 0.3596
111, I, -1, 0.3526
112, P, -1, 0.3421
113, P, -1, 0.3266
114, K, -1, 0.3077
115, E, -1, 0.2977
116, F, -1, 0.2890
117, H, -1, 0.2840
118, F, -1, 0.2765
119, R, -1, 0.2733
120, H, -1, 0.2793
121, P, -1, 0.2904
122, K, -1, 0.3120
123, R, -1, 0.3280
124, S, -1, 0.3453
125, V, -1, 0.3632
126, S, -1, 0.3766
127, L, -1, 0.3961
128, S, -1, 0.4163
129, M, -1, 0.4324
130, R, -1, 0.4486
131, K, -1, 0.4625
132, S, -1, 0.4666
133, G, -1, 0.4686
134, A, -1, 0.4671
135, M, -1, 0.4557
136, K, -1, 0.4345
137, K, -1, 0.4170
138, G, -1, 0.3937
139, G, -1, 0.3780
140, I, -1, 0.3552
141, F, -1, 0.3262
142, S, -1, 0.2971
143, A, -1, 0.2655
144, E, -1, 0.2280
145, F, -1, 0.1894
146, L, -1, 0.1582
147, K, -1, 0.1357
148, V, -1, 0.1127
149, F, -1, 0.0932
150, I, -1, 0.0967
151, P, -1, 0.0952
152, S, -1, 0.0936
153, L, -1, 0.0942
154, F, -1, 0.0965
155, L, -1, 0.0992
156, S, -1, 0.0944
157, H, -1, 0.0956
158, V, -1, 0.1009
159, L, -1, 0.1078
160, A, -1, 0.1089
161, L, -1, 0.1010
162, G, -1, 0.0999
163, L, -1, 0.0940
164, G, -1, 0.1094
165, I, -1, 0.1425
166, Y, -1, 0.1899
167, I, -1, 0.2472
168, G, -1, 0.3103
169, K, -1, 0.3755
170, R, -1, 0.4423
171, L, 1, 0.5433
172, S, 1, 0.6302
173, T, 1, 0.7055
174, P, 1, 0.7462
175, S, 1, 0.8158
176, A, 1, 0.9053
177, S, 1, 0.9033
178, T, 1, 0.9036
179, Y, 1, 0.8802

